,Nama Produk,Harga Produk,Nama Toko,Rating Produk,Paling Populer
0,Leopold Kemeja Printing Pria Tree Motive Lengan Pendek Material Rayon ORIGINAL - Multicolor,1422500,Hamlin,4.0,Reguler
1,Cotton Well Light Denim Series in Washed Black | Kemeja Lengan Panjang Denim Hitam,329000,Cotton Well,5.0,Reguler
2,Drury Denim Shirt,599000,Hush Puppies,5.0,Paling Populer
3,Dillion 2 Oxford Shirt,559000,Hush Puppies,4.8,Reguler
4,Tr Adelard Regular Jacket,999000,Hush Puppies,5.0,Paling Populer
5,Mayonaise All Over Print Shirt,559000,Hush Puppies,5.0,Paling Populer
6,Dillion 2 Oxford Shirt,559000,Hush Puppies,5.0,Paling Populer
7,Levi's Men's Classic Pocket Standard Fit Shirt (85748-0290),649900,Levi's,5.0,Paling Populer
8,Windermalt Denim Shirt,699000,Hush Puppies,5.0,Paling Populer
9,Mongrell,799000,Hush Puppies,0.0,Paling Populer
10,Dillion 2 Oxford Shirt,559000,Hush Puppies,4.9,Paling Populer
11,Dillion 2,559000,Hush Puppies,5.0,Paling Populer
13,Mayday,659000,Hush Puppies,5.0,Paling Populer
14,955 Rushmore Long Sleeve Shirt,999000,Hush Puppies,0.0,Reguler
16,Cavano Overshirt Buttoned Jacket,799000,Hush Puppies,4.8,Reguler
17,Lyamm Flannel Overshirt,799000,Hush Puppies,4.8,Paling Populer
19,Open Collar Print Linen Shirt,1599000,Superdry,5.0,Reguler
20,Stromboli Stand Collar Shirt,559000,Hush Puppies,0.0,Reguler
21,Springdale Long Sleeve Shirt,799000,Hush Puppies,5.0,Reguler
22,Stromboli Stand Collar Shirt,559000,Hush Puppies,5.0,Paling Populer
24,Bari Long Sleeve Shirt,699000,Hush Puppies,0.0,Reguler
25,90'S Colorblock Corduroy Shirt,799000,Hush Puppies,4.5,Reguler
26,Downy Printed Shirt,659000,Hush Puppies,5.0,Paling Populer
27,Levi's® Men's Relaxed Fit Western Shirt (A1919-0040),649900,Levi's,4.9,Paling Populer
28,Oxfoore Shirt,699000,DIVERSE,0.0,Reguler
29,Pablo Short Sleeve Shirt,599900,Cotton On,4.8,Reguler
30,Short Sleeved Cotton Shirt,1159000,Selected Homme,0.0,Reguler
32,Grova All Over Print Shirt,559000,Hush Puppies,5.0,Paling Populer
33,Box Fit Short Sleeve Shirt,599900,Cotton On,5.0,Reguler
35,Jimnu Flannel Shirt,659000,Hush Puppies,3.0,Reguler
36,Macadamia Stand Collar Shirt,599000,Hush Puppies,4.9,Paling Populer
37,Josue Relaxed Resort Shirt,559000,Hush Puppies,0.0,Paling Populer
38,Oxcon Short Sleeve Business Shirt soft cotton Bamboo,255000,Oxcon,4.9,Reguler
39,Harley-Davidson® Stacked Bar & Shield Long Sleeve Plaid Shirt,2493764,Harley Davidson,5.0,Reguler
40,Drury Denim Shirt,599000,Hush Puppies,5.0,Reguler
41,90'S Colorblock Corduroy Shirt,799000,Hush Puppies,0.0,Reguler
42,Zhou Stand Collar Shirt,599000,Hush Puppies,5.0,Reguler
44,Quinoa Stand Collar Shirt,659000,Hush Puppies,5.0,Paling Populer
45,Downy Printed Shirt,659000,Hush Puppies,4.7,Paling Populer
46,Nile Stand Collar Shirt,659000,Hush Puppies,4.5,Paling Populer
47,Conway Shirt,699000,Hush Puppies,4.8,Reguler
48,Minuti,599000,Hush Puppies,5.0,Paling Populer
49,Prince Printed Shirt,659000,Hush Puppies,5.0,Reguler
50,Jimnu Flannel Shirt,659000,Hush Puppies,5.0,Reguler
51,Nautical Sheringham Resort Shirt,559000,Hush Puppies,4.9,Paling Populer
53,Conway Shirt,699000,Hush Puppies,5.0,Reguler
54,Toscano Stand Collar Shirt,599000,Hush Puppies,4.8,Paling Populer
55,Zhou Stand Collar Shirt,599000,Hush Puppies,4.8,Reguler
56,Trieste Shirt,599000,Hush Puppies,4.8,Reguler
57,Padova Long Sleeve Shirt,699000,Hush Puppies,4.9,Reguler
59,Orano Buttoned Down Ls Shirt,699000,Hush Puppies,0.0,Paling Populer
60,Robiola Stand Collar Shirt,659000,Hush Puppies,5.0,Paling Populer
61,Tr Jourdy Sss,599000,Hush Puppies,5.0,Paling Populer
62,Robiola Stand Collar Shirt,659000,Hush Puppies,4.8,Paling Populer
63,Orano Buttoned Down Ls Shirt,699000,Hush Puppies,5.0,Paling Populer
64,Minuti,599000,Hush Puppies,0.0,Reguler
65,Cacao Stand Collar Shirt,659000,Hush Puppies,4.8,Paling Populer
67,Premium Slim Fit Sateen Shirt With Shawl Collar,759000,ASOS Design,0.0,Reguler
68,Karuka Stand Collar Shirt,599000,Hush Puppies,4.7,Reguler
69,Grova All Over Print Shirt,559000,Hush Puppies,5.0,Reguler
70,Kola Stand Collar Shirt,599000,Hush Puppies,5.0,Paling Populer
71,Stromboli Stand Collar Shirt,559000,Hush Puppies,0.0,Paling Populer
72,Kola Stand Collar Shirt,599000,Hush Puppies,4.9,Reguler
73,Stand Collar Shirt,659000,Hush Puppies,4.0,Reguler
74,Kola Stand Collar Shirt,599000,Hush Puppies,4.6,Paling Populer
75,Macadamia Stand Collar Shirt,599000,Hush Puppies,4.9,Reguler
76,Cotton Well Kemeja Lengan Panjang Basic Polos Abu | Long Sleeve Oxford Grey,200000,Cotton Well,4.9,Reguler
78,Dolma Stand Collar Shirt,659000,Hush Puppies,5.0,Reguler
80,Vasemir,659000,Hush Puppies,5.0,Reguler
81,Karuka Stand Collar Shirt,599000,Hush Puppies,5.0,Reguler
82,Branzino Stand Collar Shirt,659000,Hush Puppies,4.9,Paling Populer
83,Toscano Stand Collar Shirt,599000,Hush Puppies,5.0,Paling Populer
84,Karuka Stand Collar Shirt,599000,Hush Puppies,4.8,Reguler
85,Byron Stand Collar Shirt,599000,Obermain,4.9,Reguler
86,Orano Buttoned Down Ls Shirt,699000,Hush Puppies,4.5,Paling Populer
87,90S Klaus Flannel Long Sleeve Shirt,659000,Hush Puppies,0.0,Reguler
88,Studios Casual Linen Short Sleeves Shirt,1499000,Superdry,3.0,Reguler
89,Briscoe Stand Collar Shirt,599000,Obermain,4.7,Reguler
90,Vasemir,659000,Hush Puppies,4.9,Reguler
91,Baldwin Stand Collar Shirt,699000,Obermain,4.8,Reguler
92,Branzino Stand Collar Shirt,659000,Hush Puppies,4.8,Reguler
93,Arnold Oversized Shirt,799000,Obermain,0.0,Reguler
94,Amber Mandarin Collar Shirt,799000,Obermain,0.0,Reguler
95,Studios Casual Linen Shirt,1499000,Superdry,3.0,Reguler
96,Himmel Denim Shirt,659000,Hush Puppies,5.0,Reguler
97,Tirade Jacket,1199000,Hush Puppies,5.0,Reguler
98,Vintage Loom Short Sleeves Shirt - Original & Vintage,1249000,Superdry,5.0,Reguler
101,Arnold Oversized Shirt,799000,Obermain,5.0,Reguler
102,958 Chester Ss Regular Formal Shirt,899000,Hush Puppies,5.0,Reguler
104,955 Franklin,899000,Hush Puppies,0.0,Reguler
105,955 Chester Ss Regular Formal Shirt,899000,Hush Puppies,0.0,Reguler
106,Logo Long Sleeve Shirt,2659000,US POLO ASSN,0.0,Reguler
107,Padrone Stand Collar Stripe Shirt,599000,Hush Puppies,4.8,Reguler
108,957 Chester Ss Regular Formal Shirt,899000,Hush Puppies,5.0,Reguler
109,955 Franklin Shirt,899000,Hush Puppies,0.0,Reguler
110,Bari Long Sleeve Shirt,699000,Hush Puppies,4.3,Reguler
111,Josue Relaxed Resort Shirt,559000,Hush Puppies,4.5,Paling Populer
112,956 Chester Ss Regular Formal Shirt,899000,Hush Puppies,0.0,Reguler
113,956 Avalon Long Sleeve Shirt,999000,Hush Puppies,0.0,Reguler
114,Cotton Well Badr Stand Collar Shirt Terracotta | Kemeja Koko Lengan Panjang Coklat Bata Terakota,200000,Cotton Well,4.7,Reguler
115,Cotton Well Flannel Shirt Cloud Grey,299000,Cotton Well,5.0,Reguler
116,Josue Relaxed Resort Shirt,559000,Hush Puppies,4.5,Reguler
117,956 Weston Long Sleeve Shirt,999000,Hush Puppies,0.0,Reguler
118,Pinida Stand Collar Shirt With Pintuck Detail,699000,Hush Puppies,5.0,Reguler
119,957 Avalon Long Sleeve Shirt,999000,Hush Puppies,5.0,Reguler
120,Truro,699000,Hush Puppies,5.0,Reguler
121,Stromboli Stand Collar Shirt,559000,Hush Puppies,5.0,Reguler
122,955 Avalon Long Sleeve Shirt,999000,Hush Puppies,0.0,Reguler
123,955 Weston Long Sleeve Shirt,999000,Hush Puppies,0.0,Reguler
125,Centie Solid Linen Shirt,1199000,Hush Puppies,5.0,Reguler
126,90'S Resort Shirt,559000,Hush Puppies,0.0,Reguler
127,Men's Long Sleeves Shirt,1449000,Petrol Industries,0.0,Reguler
129,Padova Long Sleeve Shirt,699000,Hush Puppies,5.0,Paling Populer
130,Pablo Short Sleeves Shirt,599900,Cotton On,4.8,Reguler
131,Tim,799000,Hush Puppies,5.0,Reguler
132,Truro,699000,Hush Puppies,0.0,Reguler
134,Safron Stand Collar Shirt,659000,Hush Puppies,5.0,Reguler
135,90S Klaus Flannel Long Sleeve Shirt,659000,Hush Puppies,0.0,Paling Populer
137,Orano Buttoned Down Ls Shirt,699000,Hush Puppies,5.0,Reguler
138,Quinoa Stand Collar Shirt,659000,Hush Puppies,5.0,Reguler
140,Minuti,599000,Hush Puppies,4.7,Reguler
141,Padova Long Sleeve Shirt,699000,Hush Puppies,0.0,Reguler
142,956 Rushmore Long Sleeve Shirt,999000,Hush Puppies,0.0,Reguler
143,Toscano Stand Collar Shirt,599000,Hush Puppies,4.9,Reguler
144,Toscano Stand Collar Shirt,599000,Hush Puppies,4.9,Paling Populer
145,Cny Yan Stand Collar Shirt,599000,Hush Puppies,0.0,Paling Populer
146,Palma Short Sleeve Shirt,499900,Cotton On,4.7,Reguler
147,Point Collar Cotton Pique Oversized Fit Overshirt - BOSS Orange,3829000,BOSS,5.0,Reguler
148,Linen Shirt,2849000,US POLO ASSN,0.0,Reguler
149,Denhag Flanel Shirt,599000,Obermain,4.8,Reguler
150,Cabana Short Sleeve Shirt,599900,Cotton On,5.0,Reguler
151,Bennet Embroidered Stand Collar Shirt,799000,Obermain,5.0,Reguler
152,Cotton Well Badr Stand Collar Shirt Green | Kemeja Koko Lengan Panjang Hijau,299000,Cotton Well,5.0,Reguler
153,Harley-DavidsonPerformance Plaid Shirt,2493764,Harley Davidson,5.0,Reguler
154,Cavano Overshirt Buttoned Jacket,799000,Hush Puppies,5.0,Reguler
156,Buster,659000,Obermain,5.0,Reguler
158,Trieste Shirt,599000,Hush Puppies,5.0,Reguler
159,Bari Long Sleeve Shirt,699000,Hush Puppies,4.9,Reguler
160,Bellamy Stand Collar Shirt,599000,Obermain,4.9,Paling Populer
161,Trieste Shirt,599000,Hush Puppies,4.9,Reguler
162,Padova Long Sleeve Shirt,699000,Hush Puppies,4.0,Reguler
163,Overshirt,599900,H&M,4.9,Paling Populer
164,Bellamy Stand Collar Shirt,599000,Obermain,4.7,Reguler
166,Barney Stand Collar Shirt,599000,Obermain,5.0,Reguler
167,Poncho,659000,Hush Puppies,5.0,Reguler
170,Dolma Stand Collar Shirt,659000,Hush Puppies,4.9,Paling Populer
171,Barbosa,599000,Hush Puppies,5.0,Reguler
173,Rolland Shirt,599000,Hush Puppies,5.0,Reguler
174,Nile Stand Collar Shirt,659000,Hush Puppies,4.9,Reguler
175,Regular Fit Teddy overshirt,699900,H&M,4.8,Paling Populer
176,Long Sleeves Shirt,759000,Jack & Jones,5.0,Reguler
177,Regular Fit Pima cotton resort shirt,599900,H&M,5.0,Paling Populer
178,Lovel Zip Overshirt  -  BOSS Orange,4179000,BOSS,5.0,Reguler
179,Palma Short Sleeves Shirt,509000,Cotton On,4.7,Reguler
180,Warm Shirt,1009000,LUFIAN,1.0,Reguler
182,Bentley Stand Collar Shirt,699000,Obermain,5.0,Reguler
183,Reef RXD SS linen SMART,599900,H&M,4.8,Paling Populer
184,Cotton Workwear Long Sleeves Shirt,1489000,Superdry,5.0,Reguler
185,Basic Fitted Shirt,499000,ASOS Design,0.0,Reguler
186,Plain Oversized Shirt,789000,Trendyol,5.0,Reguler
187,Reef RXD SS linen SMART,599900,H&M,4.9,Paling Populer
188,Long Sleeved Shirt,1139000,Selected Homme,4.5,Reguler
189,Regular Fit Pima cotton resort shirt,599900,H&M,0.0,Paling Populer
190,Oxcon Long Sleeve Business Shirt soft cotton White,265000,Oxcon,4.8,Reguler
191,Harley-Davidson Screamin' Eagle® Short Sleeve Shirt,2160585,Harley Davidson,5.0,Reguler
192,Briscoe Stand Collar Shirt,599000,Obermain,4.6,Reguler
193,Conhag Flanel Shirt,599000,Obermain,5.0,Reguler
194,Striped Collared Shirt,939000,Trendyol,0.0,Reguler
195,Dion Zipper Shirt,559000,Obermain,5.0,Paling Populer
197,Slim Fit Shirt,719000,Trendyol,5.0,Reguler
198,Faro Long Sleeves Shirt,1049000,Jack & Jones,0.0,Reguler
199,Umbert Shirt,1089000,DIVERSE,0.0,Reguler
200,CLTN Seer Shirt,1089000,DIVERSE,0.0,Reguler
202,Conhag Flanel Shirt,599000,Obermain,4.9,Reguler
203,Long Sleeve Brody Overshirt,1419000,Selected Homme,0.0,Reguler
204,Long Sleeves Woven Shirt,609000,ARMA,0.0,Reguler
205,Slim Fit Collared Shirt,769000,Trendyol,4.6,Reguler
207,Wavy Pattern Resort Shirt,559000,Obermain,4.8,Reguler
208,Brook Melange Long Sleeves Shirt,829000,Jack & Jones,0.0,Reguler
209,Linen-Blend Long Sleeves Shirt,2849000,US POLO ASSN,0.0,Reguler
210,Ray Outer Shirt,559000,Obermain,5.0,Reguler
211,Levi’s® Men’s Authentic Button-Down Shirt (A7210-0012),649900,Levi's,5.0,Paling Populer
213,EQ Milan license AOP ss STREET,399900,H&M,5.0,Reguler
215,Merchant Shirt,1489000,Superdry,0.0,Reguler
218,Miles REG odyed stripe oxford,399900,H&M,4.8,Reguler
219,Long Sleeves Shirt,989000,Trendyol,3.0,Reguler
220,Overshirt,599900,H&M,4.8,Paling Populer
221,Slim-Fit Textured Cotton Suit Shirt,1099000,MANGO Man,0.0,Reguler
222,Levi's® Men's Classic Pocket Standard Fit Shirt (85748-0272),749900,Levi's,5.0,Paling Populer
223,Levi's® Men's Sunset Pocket Standard Fit Shirt (85746-0150),749900,Levi's,5.0,Paling Populer
224,Levi’s® Men’s Jackson Worker Overshirt (19573-0243),749900,Levi's,5.0,Paling Populer
225,Slim Fit Fine-Striped Cotton Shirt,1099000,MANGO Man,5.0,Reguler
226,Men's Long Sleeves shirt,1209000,Petrol Industries,0.0,Reguler
227,Byron Stand Collar Shirt,599000,Obermain,4.8,Reguler
228,Oxcon Short Sleeve Business Shirt soft cotton Black,255000,Oxcon,4.9,Reguler
229,Cotton Well Lyon Waffle Shirt Mint Green,259000,Cotton Well,0.0,Reguler
230,Textured Shirt,809000,Trendyol,0.0,Reguler
231,Levi’s® Men’s Authentic Button-Down Shirt (A7210-0018),749900,Levi's,4.8,Paling Populer
232,Bay Vertical Stripe Pattern Shirt,559000,Obermain,5.0,Paling Populer
233,Studios Casual Linen Long Sleeves Shirt,1599000,Superdry,0.0,Reguler
234,Men's Long Sleeves Shirt,1209000,Petrol Industries,0.0,Reguler
235,Levi's® Men's Short-Sleeve Banded Collar Shirt (69891-0017),649900,Levi's,4.8,Reguler
236,Bay Vertical Stripe Pattern Shirt,559000,Obermain,4.5,Paling Populer
237,Surplus Canvas Overshirt,1999000,Superdry,0.0,Reguler
238,Ray Outer Shirt,559000,Obermain,0.0,Reguler
240,Levi's® Men's Sunset Camp Shirt (72625-0091),649900,Levi's,5.0,Paling Populer
241,Finn,559000,Obermain,0.0,Reguler
242,Briscoe Stand Collar Shirt,599000,Obermain,4.8,Reguler
243,Conhag Flanel Shirt,599000,Obermain,4.8,Reguler
244,Caspian Vertical Stripe Pattern Shirt,599000,Obermain,0.0,Reguler
248,Vintage Military Overshirt,1419000,Superdry,0.0,Reguler
249,Finn,559000,Obermain,5.0,Reguler
250,Bay Vertical Stripe Pattern Shirt,559000,Obermain,5.0,Reguler
251,Levi’s® Sunset Camp Shirt (72625-0101),649900,Levi's,0.0,Reguler
252,Levi's® Men's Barstow Standard Fit Western Shirt (85744-0072),749900,Levi's,5.0,Reguler
253,Levi’s® Sunset Camp Shirt (72625-0097),649900,Levi's,0.0,Reguler
254,Levi's® Men's Authentic Button-Down Shirt (A7210-0005),649900,Levi's,4.9,Reguler
255,Levi's® Men's Authentic Button-Down Shirt (A7210-0007),599900,Levi's,5.0,Reguler
256,Levi's® Classic Pocket Standard Fit Shirt (85748-0263),649900,Levi's,5.0,Reguler
257,Levi's® Men's Relaxed Fit Western Shirt (A1919-0043),649900,Levi's,3.5,Reguler
258,Levi's® Men's Sunset Camp Shirt (72625-0093),649900,Levi's,4.7,Reguler
259,Boxy Paper Touch Shirt,1159000,Selected Homme,0.0,Reguler
260,Boxy Casper Waffle Shirt,1139000,Selected Homme,0.0,Reguler
262,Basic Shirt,879000,Trendyol,5.0,Reguler
263,Short Sleeves Jeff Resort Shirt,759000,Jack & Jones,5.0,Reguler
264,Short Lamore Shirt,839000,DIVERSE,0.0,Reguler
265,Palma Short Sleeves Shirt,499900,Cotton On,4.7,Reguler
266,Cotton Well Badr Stand Collar Shirt Black | Kemeja Koko Lengan Panjang Hitam,200000,Cotton Well,4.9,Reguler
267,Mens Gray Buttoned Down Classic Collar Dobby Pocket Regular Fit Shirt,1309000,Avva,0.0,Reguler
268,LEGOLAS SS RESORT SHIRT,299900,H&M,4.9,Reguler
269,Long Sleeve Pocket Shirt,1109000,Trendyol,0.0,Reguler
270,Bill Long Sleeve Shirt,1159000,Selected Homme,0.0,Reguler
271,Vintage Resort Short Sleeve Shirt,1249000,Superdry,0.0,Reguler
273,Military Short Sleeves Shirt,1379000,Superdry,0.0,Reguler
274,Men's Long Sleeve Check Shirt,1669000,Petrol Industries,0.0,Reguler
276,Pakers Shirt,759000,DIVERSE,5.0,Reguler
278,Marshall Band Long Sleeves Shirt,979000,Jack & Jones,0.0,Reguler
279,Moose Checked Overshirt,1639000,Petrol Industries,0.0,Reguler
280,Jeff Marbella Resort Shirt,829000,Jack & Jones,0.0,Reguler
282,Bardot Sleeves Poplin Midi Dress,1669000,ASOS Design,0.0,Reguler
283,Slim Fit Shirt,1049000,Jack & Jones,0.0,Reguler
284,Long Sleeve Super Oversized Shirt,919000,Topman,0.0,Reguler
285,Latin Shirt,1159000,DIVERSE,0.0,Reguler
286,Dropped Shoulder Oversized Revere Shirt,759000,ASOS Design,0.0,Reguler
287,Regular Striped Shirt,1009000,Trendyol,5.0,Paling Populer
288,BORIS SS SHIRT,299900,H&M,4.9,Reguler
290,Joe Long Sleeves Mao Collar Shirt,619000,Jack & Jones,0.0,Reguler
291,Scripted Embroidery Shirt,309000,ARMA,5.0,Reguler
292,Vintage Bowling Shirt,1559000,Superdry,0.0,Reguler
293,Riviera Short Sleeve Shirt,579000,Cotton On,4.6,Reguler
296,ELLIOT OVZ LS,499900,H&M,4.8,Paling Populer
297,Skinny Fit Shirt With Grandad Collar,699000,ASOS Design,0.0,Reguler
300,Basic Shirt,839000,DIVERSE,5.0,Reguler
301,Jeff Rotary Resort Shirt,759000,Jack & Jones,0.0,Reguler
302,Men's Long Sleeve Uni Shirt,2149000,Petrol Industries,0.0,Reguler
303,Vintage Bowling S/S Shirt,1559000,Superdry,0.0,Reguler
304,Harley-Davidson Year of The Dragon Short Sleeve Shirt,0,Harley Davidson,5.0,Reguler
305,"MTS91 Kemeja Baseball Oversize Jersey Garis Putih ""Osaka"" Hitam",0,Third Day,4.9,Reguler
306,Darren Flannel Overshirt,0,Jack & Jones,0.0,Reguler
307,Basic Shirt,0,DIVERSE,5.0,Reguler
308,Joe Long Sleeves Plain Shirt,0,Jack & Jones,0.0,Reguler
309,Bandama SH Shirt,0,DIVERSE,0.0,Reguler
310,Pablo Short Sleeve Shirt,0,Cotton On,4.8,Reguler
311,Textured Overshirt,0,Trendyol,5.0,Reguler
312,Box Fit Short Sleeve Shirt,0,Cotton On,5.0,Reguler
313,Misko Shirt,0,DIVERSE,0.0,Reguler
314,Cabana Short Sleeve Shirt,0,Cotton On,5.0,Paling Populer
315,Gouff Shirt,0,DIVERSE,5.0,Reguler
316,Skinny Fit Shirt With Grandad Collar,0,ASOS Design,0.0,Reguler
317,Long Sleeves Collared Shirt,0,Jack & Jones,5.0,Reguler
318,Long Sleeved Shirt,0,Selected Homme,4.5,Reguler
319,Long Sleeve Overshirt,0,Petrol Industries,0.0,Reguler
320,Oversized Fit Shirt,0,Topman,0.0,Reguler
322,Long Sleeve Shirt,0,DIVERSE,0.0,Reguler
323,Platini Kemeja Pria Lengan Pendek Basic Katun Oxford Hijau Sage 63251,0,Platini,4.9,Paling Populer
324,Denim Overshirt,0,Trendyol,0.0,Reguler
325,Floral Printed Shirt,0,ASOS Design,0.0,Reguler
326,Wedding Premium Skinny Sateen Shirt,0,ASOS Design,0.0,Reguler
327,Pablo Short Sleeves Shirt,0,Cotton On,4.8,Reguler
328,Linen Short Sleeve Shirt,0,Cotton On,4.9,Reguler
329,Platini Kemeja Basic Hitam Pria Lengan Panjang Katun Poplin 66302,0,Platini,4.8,Paling Populer
330,Platini Kemeja Motif Pria Lengan Pendek Katun Broken White 132185,0,Platini,4.7,Paling Populer
331,Cabana Short Sleeve Shirt,0,Cotton On,5.0,Reguler
332,Barney Stand Collar Shirt,0,Obermain,4.8,Reguler
333,Resurrection Shirt - Original & Vintage,0,Superdry,5.0,Reguler
335,Relaxed Fit Satin resort shirt,0,H&M,5.0,Reguler
336,Flock Print Denim Resort Shirt,0,Denim Project,0.0,Reguler
337,Bentley Stand Collar Shirt,0,Obermain,5.0,Reguler
340,Platini Kemeja Pria Lengan Panjang Katun Denim Biru Muda 76421,0,Platini,4.9,Paling Populer
341,Striped Deep Revere Satin Shirt,0,ASOS Design,0.0,Reguler
343,Kemeja tangan panjang Formal Stretch oxcon White,385000,Oxcon,4.8,Reguler
344,Regular Fit Teddy overshirt,699900,H&M,5.0,Reguler
345,LUCAS REG LINEN LS SHIRT,429900,H&M,4.9,Paling Populer
346,Levi's® Men's Sunset Camp Shirt (72625-0085),549900,Levi's,4.7,Paling Populer
347,Diagonal Stripes Revere Shirt,699000,ASOS Design,0.0,Reguler
348,Cotton Woven Shirt,539000,ARMA,5.0,Reguler
349,CLTN Bartsh Shirt,939000,DIVERSE,0.0,Reguler
350,Regular Fit Viscose shirt,349900,H&M,5.0,Reguler
351,Martin Mandarin Linen,499900,H&M,5.0,Reguler
352,MOC Kemeja Batik Lengan Pendek Pria KRADEV - WHITE,359900,MOC,4.9,Reguler
353,Linen Short Sleeve Shirt,599900,Cotton On,4.9,Reguler
354,Joshua Aruba Shirt,649000,Jack & Jones,0.0,Reguler
355,Regular-Fit Striped Cotton-Linen Shirt,1099000,MANGO Man,5.0,Reguler
356,Vintage Cord Overshirt,1599000,Superdry,0.0,Reguler
357,MISKO LG Shirt,919000,DIVERSE,0.0,Reguler
359,Long Sleeve Casual Shirt,979000,Trendyol,0.0,Reguler
360,Canvas Workwear Overshirt,1869000,Superdry,0.0,Reguler
361,Canvas Workwear Overshirt,1709000,Superdry,0.0,Reguler
362,Long Sleeve Plain Shirt,649000,Trendyol,5.0,Reguler
363,Polkadot Shirt,649000,DIVERSE,0.0,Reguler
365,Marshall Band Shirt,979000,Jack & Jones,0.0,Reguler
366,Riviera Short Sleeves Shirt,399900,Cotton On,4.6,Reguler
367,Wool Miller Overshirt,1609000,Superdry,0.0,Reguler
369,Checked Shirt,399000,Trendyol,3.8,Reguler
371,Slim Fit Grandad Collar Shirt,869000,Trendyol,4.6,Reguler
373,Basic Shirt,829000,Trendyol,4.9,Reguler
374,EQ Zed solid RXD ss STREET,299900,H&M,4.9,Paling Populer
376,Santorini Wide Fit Denim Overshirt,1049000,Jack & Jones,0.0,Reguler
377,Henley Shirt,2899000,BOSS,0.0,Paling Populer
378,Basic Short Sleeves Linen Shirt,719000,DIVERSE,0.0,Reguler
379,Slim Fit Collared Shirt,809000,Trendyol,4.6,Reguler
