;Product Name;Price;Store;Rating;Most Popular;has_rating
376;MANZONE - Kemeja Oxford Lengan Pendek Pria Kobe Slim Fit  - Black;159900;Manzone;4.9;0;1
348;MANZONE - Kemeja Oxford Lengan Pendek Pria Kobe Slim Fit - White;159900;Manzone;4.8;1;1
310;MANZONE - Kemeja Oxford Lengan Pendek Pria Rodrick 02 Slim Fit - Brown;179900;Manzone;4.9;0;1
274;OXCON Easy Shirts Kemeja Tangan Pendek Army;189000;Oxcon;4.9;0;1
40;MOC Kemeja Lengan Pendek Pria PEDRIC-BLACK;189900;MOC;4.7;0;1
72;Paulmay Kemeja Pria Reguler Fit White Shirt;199000;PAULMAY;4.7;0;1
373;Basic Long Sleeves Slim Fit Jasper Series;199000;LORIENT;4.8;0;1
117;OXCON Vintage Melange Flannel AUTHENTIC Extra Comfort long Sleeve Shirt;249000;Oxcon;4.8;0;1
300;Houseofcuff kemeja Koko Lengan Panjang Pria Beige;250000;House of Cuff;4.7;0;1
106;Kemeja Batik Pria Premium Slimfit Elegant Modern Lengan Panjang Wibisana Blu;273000;ABIROY;4.8;0;1
129;Platini Kemeja Pria Polos Lengan Pendek Katun Oxford Cream Nude 1069;299000;Platini;4.8;0;1
80;Platini Kemeja Pria Polos Oxford Pendek Maroon 1069;299000;Platini;4.9;0;1
139;Kemeja lengan pendek pria formal slim fit black houseofcuff;299000;House of Cuff;4.5;1;1
79;Platini Kemeja Pria Polos Lengan Pendek Katun Oxford Mauve 1069;299000;Platini;4.8;0;1
243;Paulmay Kemeja Pria Reguler Fit Oxford Baby Green Shirts;299000;PAULMAY;4.8;1;1
273;Platini Kemeja Pria Polos Lengan Pendek Katun Oxford Putih 1069;299000;Platini;4.9;0;1
338;Kemeja lengan pendek pria formal slim fit maroon houseofcuff;299000;House of Cuff;4.5;0;1
388;Kemeja kerja slim fit lengan pendek pria kerja Putih houseofcuff;299000;House of Cuff;4.5;0;1
196;MOC Kemeja Batik Lengan Panjang Pria MUCHOZ - Dark Brown;299900;MOC;4.9;0;1
314;MOC Kemeja Lengan Panjang Pria MOGOYO BESTBUY - MAROON;299900;MOC;4.9;0;1
110;MOC Kemeja Lengan Panjang Pria THECOOL-WHITE;299900;MOC;4.8;0;1
267;LARUSSO Big Size Kemeja Poplin Softwash Liquid Touch Relax Fit Shirt Lengan Pendek - Maroon Dried Tomato;319900;Larusso;0.0;0;0
304;LARUSSO Big Size Kemeja Poplin Softwash Liquid Touch Relax Fit Shirt Lengan Pendek - Navy;319900;Larusso;5.0;0;1
198;Gloaming Kemeja Flanel Veterano Unisex Averin;320000;Gloaming;5.0;1;1
294;OXCON Kemeja Oxford Pria Pendek - Metro Series Black;325000;Oxcon;4.7;0;1
210;Slim Fit Short Sleeve Check Shirt;329900;Executive;5.0;1;1
78;MOC - Kemeja Motif Lengan Pendek Pria Caspian - Dark Navy;329900;MOC;0.0;0;0
193;Johnwin - Slim Fit - Kemeja Casual Active - Lengan Abu - Putih;332600;Johnwin;4.6;0;1
189;Lawell Kemeja Casual Pria Lengan Pendek Regular Fit Warna Green – Cotton Oxford Kecil – KING-MSRC;349000;Lawell;5.0;0;1
230;Schoeller Kemeja Pria Putih Motif Slim Fit Lengan Panjang – DRAKE-MLNS-PT | Katun Premium Formal Office Shirt;349000;Schoeller;5.0;0;1
155;Lawell Kemeja Pria Lengan Panjang Polos Warna Navy – Franco;349000;Lawell;0.0;0;0
366;Double Pocket Long Sleeve Shirt;349900;Executive;5.0;0;1
277;WHITE SLIM FIT LONG-SLEEVE SHIRT FOR MEN;349900;VALINO;4.9;0;1
288;Regular Fit Long Sleeve Oxford Shirt;349900;Executive;0.0;0;0
297;Long Sleeve Garment Dyed Shirt;349900;Executive;5.0;0;1
321;Long Sleeve Washed Poplin Shirt;349900;Executive;5.0;0;1
251;Cuban Viking Blue Casual Shirt;359000;VENGOZ;5.0;1;1
383;Cotton Well Elvon Smart Shirt Black | Kemeja Pria Formal Basic Clean Lengan Pendek Hitam;359000;Cotton Well;5.0;0;1
351;Cuban Dark Green Casual Shirt;359000;VENGOZ;4.7;0;1
271;MANZONE - Kemeja Batik Lengan Pendek Pria Kripawarman Modern Fit - White;359900;Manzone;4.8;1;1
371;MOC Kemeja Lengan Pendek BARTLEY - BLUE Warna BLUE;359900;MOC;5.0;0;1
322;Johnwin - Kemeja Casual - Kemeja Pria - Biru Muda - Salur - Lengan Pendek - ASH.670.K880.768.C-S/S;369600;Johnwin;5.0;0;1
281;OXCON Extra Comfort Authentic Flannel Shirt Monotone Black;370000;Oxcon;4.8;1;1
358;Johnwin - Kemeja Formal - Kerah Shanghai - Hitam - Slim Fit - FSH.650.K604.842.C;379600;Johnwin;5.0;0;1
256;Shirt Short Sleeve CAIN. 06P25;379900;Wrangler;5.0;0;1
278;MOC - Kemeja Polos Lengan Panjang Pria Verdon - White;379900;MOC;5.0;0;1
156;OXCON Utility Double Pocket Authentic Kemeja Flannel Shirt Monotone Black;390000;Oxcon;4.8;0;1
268;Johnwin - Slim Fit - Kemeja Casual Active - Garis Putih - Biru;397600;Johnwin;4.5;0;1
252;POLICE Kemeja Polos Cotton Regular Fit Pria;399000;Police Denim;5.0;1;1
250;RBJ Kemeja Polos Cotton Slub Biru Regular Fit Pria;399000;RBJ;4.8;0;1
384;POLICE Kemeja Printing Cotton Soft Abu Regular Fit Pria;399000;Police Denim;4.8;0;1
361;POLICE Kemeja Polos Basic Cotton Soft Grey Regular Fit Pria;399000;Police Denim;4.8;0;1
219;POLICE Kemeja Abstrak Printing Cotton Soft Abu Regular Fit Pria;399000;Police Denim;4.7;1;1
215;POLICE Kemeja Kotak Yarndyed Regular Fit Pria;399000;Police Denim;0.0;0;0
214;POLICE Kemeja Polos Cotton Kantong Dua Regular Fit Pria;399000;Police Denim;0.0;0;0
206;POLICE Kemeja Polos Basic Cotton Soft White Regular Fit Pria;399000;Police Denim;4.8;1;1
183;POLICE Kemeja Polos Basic Cotton Soft Choco Brown Regular Fit Lengan Panjang Pria;399000;Police Denim;4.9;1;1
365;POLICE Kemeja Printing Cotton Soft Olive Regular Fit Pria;399000;Police Denim;4.9;0;1
187;Lawell Kemeja Pria Slim Fit – Formal & Casual Warna Emerald – Cotton Garbadin – ALCEO-MLSF;399000;Lawell;5.0;0;1
258;POLICE Kemeja Kotak Cotton Slub Merah Regular Fit Pria;399000;Police Denim;4.5;0;1
171;POLICE Kemeja Printing Cotton Soft Regular Fit Pria;399000;Police Denim;4.8;0;1
316;POLICE Kemeja Polos Cotton Logo Plat Besi Regular Fit Pria;399000;Police Denim;5.0;0;1
319;RBJ Kemeja Polos Cotton Putih Slim Fit Pria;399000;RBJ;4.8;0;1
315;Platini Kemeja Motif Salur Pria Lengan Pendek Katun Light Blue 73627 ;399000;Platini;5.0;0;1
135;POLICE Kemeja Abstrak Printing Cotton Soft Putih Hijau Regular Fit Pria;399000;Police Denim;4.8;1;1
296;POLICE Kemeja Printing Cotton Tencel Regular Fit Pria;399000;Police Denim;5.0;0;1
334;Lawell Kemeja Casual & Formal Pria Slim Fit Army – Cotton Garbadin – ALCEO-MLSC;399000;Lawell;0.0;0;0
161;Basic Shirt Classic Cuff Collar;399000;KOTON;5.0;0;1
137;POLICE Kemeja Polos Relaxfit Cotton Slub Abu Pria;399000;Police Denim;4.8;1;1
280;POLICE Kemeja Printing Cotton Soft Biru Regular Fit Pria;399000;Police Denim;4.9;0;1
151;POLICE Kemeja Polos Basic Cotton Soft Regular Fit Lengan Pendek Pria;399000;Police Denim;4.8;0;1
120;POLICE Kemeja Polos Basic Cotton Soft Olive Regular Fit Lengan Panjang Pria;399000;Police Denim;4.9;1;1
272;POLICE Kemeja Polos Cotton Twill Regular Fit Khaky Pria;399000;Police Denim;4.9;0;1
142;POLICE Kemeja Polos Jeans Regular Fit Pria;399000;Police Denim;5.0;1;1
130;POLICE Kemeja Printing Cotton Soft Coklat Regular Fit Pria;399000;Police Denim;4.8;1;1
354;POLICE Kemeja Polos Cotton Twill Regular Fit Hijau Tua Pria;399000;Police Denim;4.9;0;1
264;POLICE Kemeja Kotak Linen Biru Regular Fit Pria;399000;Police Denim;4.7;0;1
12;Regular Fit Short Sleeve Twill Shirt;399900;WOOD;5.0;0;1
197;MOC Kemeja Lengan Panjang Pria GLOXI - BROWN;399900;MOC;5.0;0;1
200;Relaxed Fit Short Sleeve Stripes Shirt;399900;WOOD;4.9;1;1
260;WHITE SHORT-SLEEVED MOTIF SHIRT FOR MEN;399900;VALINO;5.0;0;1
284;MOC Kemeja Lengan Panjang Pria STUART - NAVY;399900;MOC;4.8;0;1
299;Regular Fit Short Sleeve Check Shirt;399900;WOOD;5.0;0;1
332;MEN'S BLUE SHORT-SLEEVED SHIRT;399900;VALINO;0.0;0;0
342;Long Sleeve Active Shirt;399900;Executive;4.8;1;1
352;MOC Kemeja Lengan Panjang Pria KIQKING - MAROON;399900;MOC;5.0;0;1
353;MOC Kemeja Lengan Panjang Pria REED - RED;399900;MOC;5.0;0;1
18;Regular Fit Short Sleeve Checks Shirt;399900;WOOD;4.5;0;1
96;Regular Fit Short Sleeve Oxford Shirt;399900;WOOD;5.0;0;1
47;Short Sleeve Checks Shirt with Pocket;399900;WOOD;5.0;1;1
108;Kemeja Regular Pria Vertiline;419900;Bombboogie;5.0;1;1
355;Long Sleeve Flanel Checks Shirt;429900;WOOD;5.0;0;1
25;Relaxed Fit Long Sleeve Stripe Shirt;429900;WOOD;5.0;1;1
97;Regular Fit Long Sleeve Stripe Shirt;429900;WOOD;5.0;1;1
123;Regular Fit Long Sleeve Checks Shirt;429900;WOOD;5.0;0;1
360;MEN'S BLUE STRIPED SLUB SHORT SLEEVE REGULAR SHIRT;429900;VALINO;5.0;0;1
170;Regular Fit Long Sleeve Denim Shirt;429900;WOOD;4.3;0;1
202;Johnwin - Kemeja Formal - Opulence - Lengan Pendek - Slim Fit  - FSH.650.K393;439600;Johnwin;0.0;0;0
259;Kemeja Regular Pria Mora;439900;Bombboogie;5.0;1;1
246;AMK Kemeja Pria Lengan Pendek SHP Diego S/S Olive;449000;AMK;4.7;0;1
83;AMK Kemeja Pria Lengan Pendek SHP Diego S/S Navy Blue;449000;AMK;4.5;0;1
26;AMK Kemeja Pria Lengan Pendek SHS Daniel S/s Olive;449000;AMK;4.8;0;1
153;AMK Kemeja Pria Lengan Pendek SHS YIRUMA S/S Premiere Solid Coklat Tua;449000;AMK;3.8;0;1
104;AMK Kemeja Pria Lengan Pendek SHS Orlando S/S Medium Blue;449000;AMK;4.7;0;1
229;AMK Kemeja Pria Lengan Pendek SHS YIRUMA S/S Premiere Solid Coklat;449000;AMK;3.0;0;1
213;AMK Kemeja Shanghai Pria Lengan Pendek SHG Laurel Ss Olive;449000;AMK;0.0;0;0
225;AMK Kemeja Pria Lengan Pendek SHP Oregon S/S Green;449000;AMK;4.2;0;1
223;AMK Kemeja Pria Lengan Pendek SHG TATSUKI S/S Khaki;449000;AMK;5.0;0;1
90;AMK Kemeja Pria Lengan Pendek SHP Bern S/S Black;449000;AMK;4.0;0;1
92;AMK Kemeja Batik Pria Lengan Pendek SHB Arthur S/S White;449000;AMK;5.0;0;1
93;AMK Kemeja Pria Lengan Pendek SHP Alabama S/S Navy Blue;449000;AMK;4.3;0;1
95;AMK Kemeja Pria Lengan Pendek SHG Brandon S/s Black;449000;AMK;5.0;0;1
199;AMK Kemeja Pria Lengan Pendek SHS Daniel S/s Grey;449000;AMK;4.8;0;1
195;Cotton Well Marc Long Sleeve Oxford Shirt Jet Blue | Kemeja Pria Lengan Panjang Basic Polos Biru Tua Denim;449000;Cotton Well;0.0;0;0
17;AMK Kemeja Pria Lengan Pendek SHS YUTAKA S/S White;449000;AMK;4.5;0;1
228;AMK Kemeja Pria Lengan Pendek SHS YUTAKA S/S Olive;449000;AMK;0.0;0;0
186;AMK AUSTIN BLUE;449000;AMK;5.0;0;1
185;AMK Kemeja Pria Lengan Pendek SHG ITO S/S Tosca;449000;AMK;4.9;0;1
148;AMK Kemeja Pria Lengan Panjang SHP Montana L/S Navy Blue;449000;AMK;4.8;0;1
31;AMK Kemeja Batik Pria Lengan Pendek SHB Bria S/S Navy Blue;449000;AMK;5.0;1;1
36;AMK Kemeja Pria Lengan Pendek SHG TATSUKI S/S Navy Blue;449000;AMK;4.7;0;1
38;AMK Kemeja Pria Lengan Pendek SHS AIDEN S/S Olive;449000;AMK;4.6;0;1
367;AMK Kemeja Pria Lengan Pendek SHP Cairo S/S Grey;449000;AMK;4.0;0;1
330;AMK LESMANA BROWN;449000;AMK;5.0;0;1
328;AMK Kemeja Pria Lengan Pendek SHS AIDEN S/S Black;449000;AMK;4.8;0;1
149;AMK Kemeja Pria Lengan Pendek SHP Alabama S/S Grey;449000;AMK;4.5;0;1
311;AMK Kemeja Pria Lengan Pendek SHG TATSUKI S/S Black;449000;AMK;5.0;0;1
309;AMK Kemeja Batik Pria Lengan Pendek SHB Boelang Ss Olive;449000;AMK;4.0;0;1
307;AMK Kemeja Pria Lengan Pendek SHS Orlando S/S White;449000;AMK;4.4;0;1
52;AMK Kemeja Pria Lengan Pendek SHP Dakota S/S Brown;449000;AMK;5.0;0;1
61;AMK Kemeja Pria Lengan Pendek SHS KAZUKI S/S Blue;449000;AMK;5.0;0;1
67;AMK Kemeja Pria Lengan Pendek SHS YIRUMA S/S Premiere Solid Olive;449000;AMK;5.0;0;1
147;AMK Kemeja Pria Lengan Pendek SHS Daniel S/s Khaki;449000;AMK;5.0;0;1
60;AMK Kemeja Pria Lengan Pendek SHS YUTAKA S/S Black;449000;AMK;3.7;0;1
270;AMK Kemeja Pria Lengan Pendek SHP Oregon S/S Tosca;449000;AMK;5.0;0;1
265;AMK Kemeja Pria Lengan Pendek SHS AIDEN S/S Blue;449000;AMK;5.0;0;1
39;MOC Kemeja Koko Lengan Pendek Pria Modern Fit SCAFO - BEIGE;449900;MOC;4.8;0;1
166;Short Sleeve Linen Blend Koko Shirt;449900;WOOD;5.0;0;1
279;Short Sleeve Stripes Koko Shirt;449900;WOOD;5.0;0;1
282;Kemeja Pria Regular Morton Chambray;459900;Bombboogie;0.0;0;0
343;MEN'S LONG SLEEVE NAVY STRIPED SHIRT;459900;VALINO;0.0;0;0
101;AMK Kemeja Pria  Lengan Panjang SHG Ringga L/S Maroon;469000;AMK;0.0;0;0
191;AMK Kemeja Pria Lengan Panjang SHS TAKURO L/S Medium Blue;469000;AMK;5.0;0;1
306;AMK Kemeja Pria Lengan Panjang SHS Dimitri L/S White;469000;AMK;5.0;0;1
5;AMK Kemeja Pria Lengan Panjang SHS ANDREW L/S Light Blue;469000;AMK;4.9;0;1
341;AMK Kemeja Pria Flannel Lengan Panjang SHF FUMIRO L/S Blue;469000;AMK;4.2;0;1
242;AMK Kemeja Batik Pria Lengan Panjang SHB Banjarejo Ls Olive;469000;AMK;4.7;0;1
238;AMK Kemeja Pria Shanghai Polos SHG NOBI Premiere Solid Navy Blue;469000;AMK;5.0;0;1
375;AMK Kemeja Pria Flannel Lengan Panjang SHF MASARU L/S  Navy Blue;469000;AMK;5.0;0;1
22;AMK Kemeja Pria Lengan Panjang SHS MASAHIRO L/S Premiere Solid Khaki;469000;AMK;0.0;0;0
389;AMK Kemeja Pria Lengan Panjang SHS MASAHIRO L/S Premiere Solid White;469000;AMK;4.8;0;1
127;AMK Kemeja Pria Flannel Lengan Panjang SHF MASARU L/S Camel;469000;AMK;4.8;0;1
114;AMK Kemeja Pria Basic Polos Pendek SHS Takuro L/S Dark Olive;469000;AMK;0.0;0;0
113;AMK Kemeja Pria Flannel Lengan Panjang SHF MASARU  L/S Red;469000;AMK;5.0;0;1
128;AMK Kemeja Pria Lengan Panjang SHS Benjamin L/s Green;469000;AMK;4.3;0;1
126;AMK Kemeja Batik Pria Lengan Panjang SHB Banjarejo Ls Black;469000;AMK;5.0;0;1
181;AMK Kemeja Basic Pria Lengan Panjang SHS GINJIRO L/S Grey;469000;AMK;5.0;0;1
248;Fazwan Shirts;469900;X-EIGHT;5.0;0;1
220;Rompas Shirts;469900;X-EIGHT;5.0;0;1
335;Kemeja Pria Regular Falcon;469900;Bombboogie;4.8;0;1
140;Platini Kemeja Pria Lengan Pendek Motif Salur Abu 73102;479000;Platini;4.8;1;1
222;Navy Blue More Sustainable Regular Fit Low Shoulder Pocket Viscose Summer Shirt TMNSS25GO00005;479000;Trendyol;0.0;0;0
44;MAGINOT Kemeja Pria Basic Polos Panjang LIGHT BLUE;498000;Maginot;4.8;1;1
94;MAGINOT OXFORD 2.0 BLUE Kemeja Casual Slim Fit Lengan Panjang;499000;Maginot;4.8;1;1
364;MAGINOT Kemeja Pria Basic Cuban Collar Rayon Pendek GREY;499000;Maginot;5.0;0;1
41;Platini Kemeja Motif Pria Lengan Pendek Katun Navy 132215;499000;Platini;5.0;0;1
357;MAGINOT OXFORD 2.0 GREEN Kemeja Casual Slim Fit Lengan Panjang;499000;Maginot;4.7;0;1
192;MAGINOT OXFORD 2.0 BLACK Kemeja Casual Slim Fit Lengan Pendek;499000;Maginot;4.9;0;1
145;MAGINOT OXFORD 2.0 NAVY Kemeja Casual Slim Fit Lengan Panjang;499000;Maginot;4.9;0;1
349;Cotton Linen Shirt KLS621;499500;Lois Jeans;5.0;1;1
49;MELVINS - NAVY Kemeja Flannel Pria Motif Kotak-Kotak Lengan Panjang Relaxed Fit;499900;Edwin Jeans;0.0;1;0
111;BASTIEN - BLACK GREY Kemeja Flannel Casual Pria Lengan Panjang LS - Top Man Shirt;499900;Edwin Jeans;5.0;1;1
347;BASTIEN - BEIGE WHITE PEPPER Kemeja Flannel Casual Pria Lengan Panjang LS - Top Man Shirt;499900;Edwin Jeans;4.9;0;1
132;Kemeja Regular Pria Daffle;499900;Bombboogie;5.0;0;1
138;Regular Fit Easy Iron Cotton Blend Shirt;499900;Marks & Spencer;4.9;1;1
203;Kemeja Pria Rable;499900;Bombboogie;5.0;0;1
7;JIRO - WHITE Kemeja Lengan Panjang Pria Top Man Shirt Warna White;499900;Edwin Jeans;4.7;1;1
326;Kemeja Pria Ottoman;499900;Bombboogie;5.0;0;1
118;Darwin Shirt Kemeja Katun Lengan Pendek;519000;Krisna Batik;5.0;0;1
293;Kemeja Flanel Pria Dark Sins;529900;Bombboogie;5.0;0;1
379;CDL Kemeja Kasual Lengan Panjang;530000;CDL;5.0;0;1
275;Platini Kemeja Lengan Panjang Katun Motif Kotak Navy 76461;549000;Platini;4.9;0;1
103;Johwnin - Slim Fit - Linen Katun - Kemeja Formal - Lengan Panjang - Putih - FSH.653.Q607.954.C-L/S;549600;Johnwin;4.5;0;1
177;Ray Outer Shirt;559000;Obermain;5.0;1;1
21;Bsc Dillion 3;559000;Hush Puppies;4.9;0;1
71;Bay Vertical Stripe Pattern Shirt;559000;Obermain;4.8;0;1
269;90'S Resort Shirt;559000;Hush Puppies;4.9;0;1
333;Stripe Shirt;579000;Trendyol;0.0;0;0
323;Kemeja Pria Bradley;579900;Bombboogie;4.0;0;1
62;Jobb Brioni Kemeja Pria Lengan Panjang Regular Fit Navy 3;599000;Jobb;4.8;0;1
263;Mink Unisex Relaxed Fit Short Sleeve Shirt Tmnss23Go00064;599000;Trendyol;5.0;0;1
231;Mens Shirt - NAUW561431BW;599000;NAUTICA;0.0;1;0
298;Pluto;599000;Hush Puppies;5.0;1;1
173;Jobb Geremy Kemeja Pria Lengan Pendek Regular Fit Hitam 3;599000;Jobb;5.0;0;1
45;Mens Shirt - NAUW569584NN;599000;NAUTICA;4.0;1;1
57;Mens Shirt - NAUW559301CZ;599000;NAUTICA;5.0;0;1
24;Insight Kemeja Lengan Pendek Pria C Heaven Door Shirt Planet Surf;599000;Insight;4.9;1;1
143;Bready;599000;Hush Puppies;5.0;1;1
295;Regular Fit Cotton Rich Twill Shirt;599900;Marks & Spencer;5.0;1;1
363;Multicolored Oversize Fit Striped Textured Fabric Summer Linen Look Men's Shirt TMNSS25GO00065;639000;Trendyol;3.0;1;1
239;Shakermaker Shirt Black;649000;Blood & Bone;4.7;0;1
131;Pure Cotton Oxford Shirt;649900;Marks & Spencer;4.9;1;1
105;Easy Iron Pure Cotton Oxford Shirt;649900;Marks & Spencer;4.9;1;1
46;Pure Cotton Ultimate Oxford Shirt;649900;Marks & Spencer;4.9;1;1
205;MEN'S SHORT SLEEVE GREEN SHIRT COLOR COMBINATION MEN;649900;Arnold Palmer;5.0;0;1
387;Fiorenza Jingga Kemeja Batik Pria Premium Slimfit Modern Lengan Panjang;650000;Batik Mayung;0.0;0;0
247;Jobb Cleyton Kemeja Pria Lengan Panjang Regular Fit Putih;659000;Jobb;5.0;0;1
102;Light Blue Regular Fit Epaulette Wrinkled Effect Linen Look Shirt TMNSS23GO00061;691900;Trendyol;5.0;0;1
15;Naura Regular Fit Long Shirt;698000;No Fear;5.0;1;1
42;Camper Regular Fit Long Shirt;698000;No Fear;5.0;1;1
175;Eaden Stand Collar Shirt;699000;Obermain;4.4;0;1
172;Pooh;699000;Hush Puppies;4.8;1;1
37;Dillion Ls;699000;Hush Puppies;4.8;1;1
91;Giordano Men's Poplin Shirt 0104200205;699000;Giordano;4.7;1;1
224;Mens Shirt - NAUW550014NV;699000;NAUTICA;0.0;1;0
368;Giordano Men's Linen Short Sleeve Shirt 0104621541;699000;Giordano;5.0;0;1
4;Giordano Men's Short Sleeve Linen Cotton Shirt 0104320208;699000;Giordano;5.0;1;1
240;Mens Shirt - NAUW550011NL;699000;NAUTICA;5.0;0;1
257;Easy Iron Pure Cotton Print Oxford Shirt;699900;Marks & Spencer;4.9;0;1
345;UA Tech 2.0 1/2 Zip Shirt;729000;Under Armour;4.8;1;1
292;Easy Iron Pure Cotton Textured Shirt;729900;Marks & Spencer;5.0;0;1
100;Easy Iron Pure Cotton Chambray Floral Shirt;729900;Marks & Spencer;4.9;0;1
289;Easy Iron Pure Cotton Striped Oxford Shirt;729900;Marks & Spencer;4.8;1;1
184;Pure Cotton Striped Oxford Shirt;729900;Marks & Spencer;5.0;0;1
122;Pure Cotton Flannel Shirt;729900;Marks & Spencer;4.9;0;1
51;The Ultimate Pure Cotton Striped Oxford Shirt;729900;Marks & Spencer;0.0;1;0
261;Easy Iron Pure Cotton Shirt;729900;Marks & Spencer;5.0;1;1
340;White Regular Fit Epaulette Wrinkled Effect Linen Look Plus Size Shirt TMNSS25AX00002;749000;Trendyol;0.0;0;0
201;NAUTICA CNY Flower - NAUWC660760R;749000;NAUTICA;0.0;0;0
76;Classic Shirt;759000;Trendyol;0.0;0;0
86;Flannel Plaid Shirt;759000;Trendyol;4.8;0;1
370;Classic Long Sleeve Shirt;779000;KOTON;0.0;0;0
276;Manta Shirt;799000;Blood & Bone;5.0;0;1
216;T.S.O.P Shirt Black;799000;Blood & Bone;0.0;0;0
81;Cotton Rich Jacquard Shirt;799900;Marks & Spencer;4.7;0;1
318;Pure Cotton Hawaiian Shirt;799900;Marks & Spencer;5.0;1;1
8;Pure Cotton Geometric Print Shirt;799900;Marks & Spencer;0.0;1;0
180;Easy Iron Pure Cotton Striped Shirt;799900;Marks & Spencer;5.0;1;1
207;Geometric Print Cuban Collar Shirt;799900;Marks & Spencer;5.0;0;1
150;Cotton Rich Seersucker Shirt;799900;Marks & Spencer;5.0;0;1
227;Easy Iron Cotton Linen Blend Striped Shirt;799900;Marks & Spencer;4.9;1;1
245;Pure Cotton Striped Seersucker Revere Shirt;799900;Marks & Spencer;4.9;1;1
324;Pleated Linen Blend Shirt;809000;Trendyol;0.0;0;0
73;Basic Shirt;839000;Trendyol;0.0;0;0
374;Regular Fit Linen Rich Striped Shirt;849900;Marks & Spencer;5.0;0;1
320;Pure Cotton Striped Seersucker Shirt;849900;Marks & Spencer;5.0;0;1
34;Cotton Rich Seersucker Check Shirt;849900;Marks & Spencer;5.0;1;1
32;Elasticated Waist Ripstop Cargo Trousers;849900;Marks & Spencer;4.8;1;1
121;Pure Cotton Textured Shirt;849900;Marks & Spencer;5.0;1;1
43;Cotton Rich Rugby Shirt;849900;Marks & Spencer;4.6;1;1
125;Regular Fit Cotton Rich Striped Shirt;849900;Marks & Spencer;5.0;1;1
337;Geometric Print Shirt;849900;Marks & Spencer;4.9;0;1
66;Regular Fit Non Iron Pure Cotton Textured Shirt;849900;Marks & Spencer;4.7;1;1
146;Regular Fit Cotton Blend Short Sleeve Shirt;849900;Marks & Spencer;5.0;1;1
226;Slim Fit Non Iron Pure Cotton Shirt;849900;Marks & Spencer;4.9;0;1
290;Cotton Rich Short Sleeve Cuban Collar Shirt;849900;Marks & Spencer;5.0;0;1
85;Linen Blend Geometric Print Short Sleeve Shirt;849900;Marks & Spencer;5.0;0;1
74;Cotton Rich Striped Shirt;849900;Marks & Spencer;5.0;0;1
169;Linen Rich Cuban Collar Wave Print Shirt;849900;Marks & Spencer;5.0;0;1
244;Cotton Blend Print Shirt;849900;Marks & Spencer;0.0;0;0
302;Easy Iron Striped Oxford Shirt;849900;Marks & Spencer;4.6;1;1
182;Pure Cotton Diamond Print Shirt;849900;Marks & Spencer;5.0;1;1
75;Slim Fit Grandad Collar Shirt;869000;Trendyol;5.0;0;1
317;Short Sleeve Shirt Geometric Embroidered Regular Fit;889000;KOTON;0.0;0;0
159;Checkered Shirt;899000;Trendyol;4.8;0;1
35;Printed Shirt;899900;Marks & Spencer;5.0;1;1
23;Pure Cotton Cuban Collar Shirt;899900;Marks & Spencer;5.0;1;1
112;Pure Cotton Knitted Shirt;899900;Marks & Spencer;4.8;1;1
305;Brown Oversized Fit Embroidered Brode Summer Embroidered Shirt TMNSS25GO00049;909000;Trendyol;0.0;0;0
346;Pure Linen Striped Grandad Collar Shirt;949900;Marks & Spencer;4.8;1;1
84;Cotton Linen Blend Striped Grandad Collar Shirt;949900;Marks & Spencer;5.0;1;1
28;Pure Cotton Herringbone Overshirt;949900;Marks & Spencer;5.0;0;1
109;Cotton Linen Blend Check Shirt;949900;Marks & Spencer;4.7;1;1
218;Cotton Rich Check Overshirt;949900;Marks & Spencer;5.0;1;1
372;Pure Linen Short Sleeve Shirt;949900;Marks & Spencer;4.8;0;1
212;Easy Iron Cotton Rich Striped Oxford Shirt;949900;Marks & Spencer;4.9;0;1
167;Cotton Rich Striped Overshirt;949900;Marks & Spencer;4.3;1;1
266;Cotton Linen Blend Fine Stripe Shirt;949900;Marks & Spencer;4.9;1;1
20;Pure Cotton Pique Shirt;949900;Marks & Spencer;5.0;0;1
77;Cotton Linen Blend Puppytooth Shirt;949900;Marks & Spencer;5.0;1;1
283;Twill Cuban Collar Shirt;949900;Marks & Spencer;0.0;0;0
285;Cotton Rich Twill Striped Oxford Shirt;949900;Marks & Spencer;0.0;0;0
70;Pure Cotton Poplin Overshirt;949900;Marks & Spencer;5.0;1;1
69;Regular Fit Non Iron Pure Cotton Striped Shirt;949900;Marks & Spencer;4.8;1;1
134;Pure Cotton Check Oxford Shirt;949900;Marks & Spencer;5.0;0;1
336;Cotton Linen Blend Shirt;949900;Marks & Spencer;4.9;0;1
53;Cotton Rich Gingham Check Oxford Shirt;949900;Marks & Spencer;5.0;1;1
64;Pure Cotton Overshirt;949900;Marks & Spencer;5.0;1;1
329;Knitted Short Sleeves Summer Shirt;999000;Trendyol;0.0;0;0
325;Kemeja Lengan Pendek Pierre Cardin Printed Nottucle - White Regular Casual;999000;Pierre Cardin;5.0;0;1
208;Kemeja Lengan Pendek Pierre Cardin Orion Night Check - Dark Blue Smart Casual Look;999000;Pierre Cardin;0.0;0;0
359;Kemeja Lengan Pendek Pierre Cardin Printed Hemma Luc - Olive Regular Casual;999000;Pierre Cardin;0.0;0;0
164;Pure Cotton Textured Overshirt;999900;Marks & Spencer;4.8;1;1
56;Cotton Rich Overshirt;999900;Marks & Spencer;5.0;1;1
152;Cotton Blend Check Textured Overshirt;999900;Marks & Spencer;5.0;1;1
141;Striped Summer Shirt;1019000;Trendyol;5.0;0;1
162;Pocketed Fleece Shirt;1019000;Trendyol;0.0;0;0
356;Smart Two Pocket Overshirt with Stretch;1049900;Marks & Spencer;4.0;1;1
380;Kemeja Lengan Pendek Guy Laroche Printed Vougen - Loop Black Cotton;1079000;Guy Laroche;5.0;0;1
33;Regular Fit Pure Linen Shirt;1099900;Marks & Spencer;5.0;1;1
254;Relaxed Fit Knitted Striped Shirt;1099900;Marks & Spencer;3.7;1;1
369;Pure Linen Grandad Collar Shirt;1099900;Marks & Spencer;5.0;1;1
55;Checked Overshirt;1099900;Marks & Spencer;5.0;1;1
54;Waffle Overshirt;1199900;Marks & Spencer;5.0;1;1
362;Denim Overshirt;1199900;Marks & Spencer;4.9;1;1
160;Cotton Rich Check Double Faced Overshirt;1199900;Marks & Spencer;4.9;1;1
381;Long Sleeve Regular Fit Button Collar Classic Linen Shirt;1209000;KOTON;4.0;0;1
174;Slim Stretch Poplin Shirt;1229000;GAP;5.0;0;1
163;Standard Fit Poplin Shirt;1229000;GAP;5.0;0;1
165;Standard Fit Oxford Shirt;1249000;GAP;5.0;0;1
179;Standard Fit Oxford Shirt;1339000;Gap;5.0;0;1
291;Standard Oxford Shirt;1339000;GAP;4.5;0;1
88;Linen-Cotton Shirt;1359000;GAP;5.0;0;1
204;Cotton Poplin Regular Fit Shirt - BOSS Orange;3159000;BOSS;4.9;0;1
136;Relegant Poplin Shirt - BOSS Orange;3159000;BOSS;4.9;0;1
