,Product Name,Price,Store,Rating,Most Popular
0,MOC Kemeja Lengan Panjang Pria THECOOL-WHITE,Rp 299.900,MOC,4.8,
1,Platini Kemeja Pria Polos Lengan Pendek Katun Oxford Cream Nude 1069,Rp 299.000,Platini,4.8,
2,Platini Kemeja Pria Lengan Pendek Motif Salur Abu 73102,Rp 479.000,Platini,4.8,
3,Cotton Rich Overshirt,Rp 999.900,Marks & Spencer,5.0,
4,Giordano Men's Short Sleeve Linen Cotton Shirt 0104320208,Rp 699.000,Giordano,5.0,Paling Populer
5,AMK Kemeja Pria Lengan Panjang SHS ANDREW L/S Light Blue,Rp 469.000,AMK,4.9,
6,Dillion Ls,Rp 699.000,Hush Puppies,5.0,Paling Populer
7,JIRO - WHITE Kemeja Lengan Panjang Pria Top Man Shirt Warna White,Rp 499.900,Edwin Jeans,4.7,Paling Populer
8,Pure Cotton Geometric Print Shirt,Rp 799.900,Marks & Spencer,,Paling Populer
9,Bsc Dillion 3,Rp 559.000,Hush Puppies,4.9,Paling Populer
10,Waffle Overshirt,Rp 1.199.900,Marks & Spencer,5.0,Paling Populer
11,Pure Cotton Knitted Shirt,Rp 899.900,Marks & Spencer,4.8,Paling Populer
12,Regular Fit Short Sleeve Twill Shirt,Rp 399.900,WOOD,5.0,
13,Bsc Dillion 3,Rp 559.000,Hush Puppies,5.0,Paling Populer
14,Bsc Dillion 3,Rp 559.000,Hush Puppies,5.0,
15,Naura Regular Fit Long Shirt,Rp 698.000,No Fear,5.0,Paling Populer
16,Smart Two Pocket Overshirt with Stretch,Rp 1.049.900,Marks & Spencer,4.0,
17,AMK Kemeja Pria Lengan Pendek SHS YUTAKA S/S White,Rp 449.000,AMK,4.5,
18,Regular Fit Short Sleeve Checks Shirt,Rp 399.900,WOOD,4.5,
19,Cotton Linen Blend Puppytooth Shirt,Rp 949.900,Marks & Spencer,5.0,Paling Populer
20,Pure Cotton Pique Shirt,Rp 949.900,Marks & Spencer,5.0,
21,Bsc Dillion 3,Rp 559.000,Hush Puppies,4.9,
22,AMK Kemeja Pria Lengan Panjang SHS MASAHIRO L/S Premiere Solid Khaki,Rp 469.000,AMK,,
23,Pure Cotton Cuban Collar Shirt,Rp 899.900,Marks & Spencer,5.0,Paling Populer
24,Insight Kemeja Lengan Pendek Pria C Heaven Door Shirt Planet Surf,Rp 599.000,Insight,4.9,Paling Populer
25,Relaxed Fit Long Sleeve Stripe Shirt,Rp 429.900,WOOD,5.0,Paling Populer
26,AMK Kemeja Pria Lengan Pendek SHS Daniel S/s Olive,Rp 449.000,AMK,4.8,
27,Bsc Dillion 3,Rp 559.000,Hush Puppies,4.8,Paling Populer
28,Pure Cotton Herringbone Overshirt,Rp 949.900,Marks & Spencer,5.0,
29,Cotton Rich Overshirt,Rp 1.199.900,Marks & Spencer,4.9,Paling Populer
30,Regular Fit Short Sleeve Twill Shirt,Rp 399.900,WOOD,5.0,
31,AMK Kemeja Batik Pria Lengan Pendek SHB Bria S/S Navy Blue,Rp 449.000,AMK,5.0,Paling Populer
32,Elasticated Waist Ripstop Cargo Trousers,Rp 849.900,Marks & Spencer,4.8,Paling Populer
33,Regular Fit Pure Linen Shirt,Rp 1.099.900,Marks & Spencer,5.0,Paling Populer
34,Cotton Rich Seersucker Check Shirt,Rp 849.900,Marks & Spencer,5.0,Paling Populer
35,Printed Shirt,Rp 899.900,Marks & Spencer,5.0,Paling Populer
36,AMK Kemeja Pria Lengan Pendek SHG TATSUKI S/S Navy Blue,Rp 449.000,AMK,4.7,
37,Dillion Ls,Rp 699.000,Hush Puppies,4.8,Paling Populer
38,AMK Kemeja Pria Lengan Pendek SHS AIDEN S/S Olive,Rp 449.000,AMK,4.6,
39,MOC Kemeja Koko Lengan Pendek Pria Modern Fit SCAFO - BEIGE,Rp 449.900,MOC,4.8,
40,MOC Kemeja Lengan Pendek Pria PEDRIC-BLACK,Rp 189.900,MOC,4.7,
41,Platini Kemeja Motif Pria Lengan Pendek Katun Navy 132215,Rp 499.000,Platini,5.0,
42,Camper Regular Fit Long Shirt,Rp 698.000,No Fear,5.0,Paling Populer
43,Cotton Rich Rugby Shirt,Rp 849.900,Marks & Spencer,4.6,Paling Populer
44,MAGINOT Kemeja Pria Basic Polos Panjang LIGHT BLUE,Rp 498.000,Maginot,4.8,Paling Populer
45,Mens Shirt - NAUW569584NN,Rp 599.000,NAUTICA,4.0,Paling Populer
46,Pure Cotton Ultimate Oxford Shirt,Rp 649.900,Marks & Spencer,4.9,Paling Populer
47,Short Sleeve Checks Shirt with Pocket,Rp 399.900,WOOD,5.0,Paling Populer
48,Cotton Blend Check Textured Overshirt,Rp 999.900,Marks & Spencer,5.0,Paling Populer
49,MELVINS - NAVY Kemeja Flannel Pria Motif Kotak-Kotak Lengan Panjang Relaxed Fit,Rp 499.900,Edwin Jeans,,Paling Populer
50,Regular Fit Short Sleeve Oxford Shirt,Rp 399.900,WOOD,5.0,
51,The Ultimate Pure Cotton Striped Oxford Shirt,Rp 729.900,Marks & Spencer,,Paling Populer
52,AMK Kemeja Pria Lengan Pendek SHP Dakota S/S Brown,Rp 449.000,AMK,5.0,
53,Cotton Rich Gingham Check Oxford Shirt,Rp 949.900,Marks & Spencer,5.0,Paling Populer
54,Waffle Overshirt,Rp 1.199.900,Marks & Spencer,5.0,Paling Populer
55,Checked Overshirt,Rp 1.099.900,Marks & Spencer,5.0,Paling Populer
56,Cotton Rich Overshirt,Rp 999.900,Marks & Spencer,5.0,Paling Populer
57,Mens Shirt - NAUW559301CZ,Rp 599.000,NAUTICA,5.0,
58,Pure Linen Short Sleeve Shirt,Rp 949.900,Marks & Spencer,4.8,Paling Populer
59,Checkered Shirt,Rp 1.169.000,Trendyol,5.0,
60,AMK Kemeja Pria Lengan Pendek SHS YUTAKA S/S Black,Rp 449.000,AMK,3.7,
61,AMK Kemeja Pria Lengan Pendek SHS KAZUKI S/S Blue,Rp 449.000,AMK,5.0,
62,Jobb Brioni Kemeja Pria Lengan Panjang Regular Fit Navy 3,Rp 599.000,Jobb,4.8,
63,Regular Fit Linen Rich Striped Shirt,Rp 849.900,Marks & Spencer,5.0,Paling Populer
64,Pure Cotton Overshirt,Rp 949.900,Marks & Spencer,5.0,Paling Populer
65,Bsc Dillion 3,Rp 559.000,Hush Puppies,4.9,Paling Populer
66,Regular Fit Non Iron Pure Cotton Textured Shirt,Rp 849.900,Marks & Spencer,4.7,Paling Populer
67,AMK Kemeja Pria Lengan Pendek SHS YIRUMA S/S Premiere Solid Olive,Rp 449.000,AMK,5.0,
68,Bsc Dillion 3,Rp 559.000,Hush Puppies,5.0,Paling Populer
69,Regular Fit Non Iron Pure Cotton Striped Shirt,Rp 949.900,Marks & Spencer,4.8,Paling Populer
70,Pure Cotton Poplin Overshirt,Rp 949.900,Marks & Spencer,5.0,Paling Populer
71,Bay Vertical Stripe Pattern Shirt,Rp 559.000,Obermain,4.8,
72,Paulmay Kemeja Pria Reguler Fit White Shirt,Rp 199.000,PAULMAY,4.7,
73,Basic Shirt,Rp 839.000,Trendyol,,
74,Cotton Rich Striped Shirt,Rp 849.900,Marks & Spencer,5.0,
75,Slim Fit Grandad Collar Shirt,Rp 869.000,Trendyol,5.0,
76,Classic Shirt,Rp 759.000,Trendyol,,
77,Cotton Linen Blend Puppytooth Shirt,Rp 949.900,Marks & Spencer,5.0,Paling Populer
78,MOC - Kemeja Motif Lengan Pendek Pria Caspian - Dark Navy,Rp 329.900,MOC,,
79,Platini Kemeja Pria Polos Lengan Pendek Katun Oxford Mauve 1069,Rp 299.000,Platini,4.8,
80,Platini Kemeja Pria Polos Oxford Pendek Maroon 1069,Rp 299.000,Platini,4.9,
81,Cotton Rich Jacquard Shirt,Rp 799.900,Marks & Spencer,4.7,
82,Cotton Linen Blend Striped Grandad Collar Shirt,Rp 949.900,Marks & Spencer,5.0,Paling Populer
83,AMK Kemeja Pria Lengan Pendek SHP Diego S/S Navy Blue,Rp 449.000,AMK,4.5,
84,Cotton Linen Blend Striped Grandad Collar Shirt,Rp 949.900,Marks & Spencer,5.0,Paling Populer
85,Linen Blend Geometric Print Short Sleeve Shirt,Rp 849.900,Marks & Spencer,5.0,
86,Flannel Plaid Shirt,Rp 759.000,Trendyol,4.8,
87,Basic Shirt,Rp 1.009.000,Trendyol,5.0,
88,Linen-Cotton Shirt,Rp 1.359.000,GAP,5.0,
89,Easy Iron Pure Cotton Textured Shirt,Rp 729.900,Marks & Spencer,5.0,Paling Populer
90,AMK Kemeja Pria Lengan Pendek SHP Bern S/S Black,Rp 449.000,AMK,4.0,
91,Giordano Men's Poplin Shirt 0104200205,Rp 699.000,Giordano,4.7,Paling Populer
92,AMK Kemeja Batik Pria Lengan Pendek SHB Arthur S/S White,Rp 449.000,AMK,5.0,
93,AMK Kemeja Pria Lengan Pendek SHP Alabama S/S Navy Blue,Rp 449.000,AMK,4.3,
94,MAGINOT OXFORD 2.0 BLUE Kemeja Casual Slim Fit Lengan Panjang,Rp 499.000,Maginot,4.8,Paling Populer
95,AMK Kemeja Pria Lengan Pendek SHG Brandon S/s Black,Rp 449.000,AMK,5.0,
96,Regular Fit Short Sleeve Oxford Shirt,Rp 399.900,WOOD,5.0,
97,Regular Fit Long Sleeve Stripe Shirt,Rp 429.900,WOOD,5.0,Paling Populer
98,Elasticated Waist Ripstop Cargo Trousers,Rp 849.900,Marks & Spencer,4.8,Paling Populer
99,MOC Kemeja Koko Lengan Pendek Pria Modern Fit SCAFO - BEIGE,Rp 449.900,MOC,4.8,
100,Easy Iron Pure Cotton Chambray Floral Shirt,Rp 729.900,Marks & Spencer,4.9,
101,AMK Kemeja Pria  Lengan Panjang SHG Ringga L/S Maroon,Rp 469.000,AMK,,
102,Light Blue Regular Fit Epaulette Wrinkled Effect Linen Look Shirt TMNSS23GO00061,Rp 691.900,Trendyol,5.0,
103,Johwnin - Slim Fit - Linen Katun - Kemeja Formal - Lengan Panjang - Putih - FSH.653.Q607.954.C-L/S,Rp 549.600,Johnwin,4.5,
104,AMK Kemeja Pria Lengan Pendek SHS Orlando S/S Medium Blue,Rp 449.000,AMK,4.7,
105,Easy Iron Pure Cotton Oxford Shirt,Rp 649.900,Marks & Spencer,4.9,Paling Populer
106,Kemeja Batik Pria Premium Slimfit Elegant Modern Lengan Panjang Wibisana Blu,Rp 273.000,ABIROY,4.8,
107,Regular Fit Short Sleeve Check Shirt,Rp 399.900,WOOD,4.7,Paling Populer
108,Kemeja Regular Pria Vertiline,Rp 419.900,Bombboogie,5.0,Paling Populer
109,Cotton Linen Blend Check Shirt,Rp 949.900,Marks & Spencer,4.7,Paling Populer
110,MOC Kemeja Lengan Panjang Pria THECOOL-WHITE,Rp 299.900,MOC,4.8,
111,BASTIEN - BLACK GREY Kemeja Flannel Casual Pria Lengan Panjang LS - Top Man Shirt,Rp 499.900,Edwin Jeans,5.0,Paling Populer
112,Pure Cotton Knitted Shirt,Rp 899.900,Marks & Spencer,4.8,Paling Populer
113,AMK Kemeja Pria Flannel Lengan Panjang SHF MASARU  L/S Red,Rp 469.000,AMK,5.0,
114,AMK Kemeja Pria Basic Polos Pendek SHS Takuro L/S Dark Olive,Rp 469.000,AMK,,
115,Pure Cotton Oxford Shirt,Rp 949.900,Marks & Spencer,5.0,Paling Populer
116,Regular Fit Short Sleeve Checks Shirt,Rp 399.900,WOOD,4.0,
117,OXCON Vintage Melange Flannel AUTHENTIC Extra Comfort long Sleeve Shirt,Rp 249.000,Oxcon,4.8,
118,Darwin Shirt Kemeja Katun Lengan Pendek,Rp 519.000,Krisna Batik,5.0,
119,MOC Kemeja Lengan Panjang Pria STUART - NAVY,Rp 399.900,MOC,4.8,
120,POLICE Kemeja Polos Basic Cotton Soft Olive Regular Fit Lengan Panjang Pria,Rp 399.000,Police Denim,4.9,Paling Populer
121,Pure Cotton Textured Shirt,Rp 849.900,Marks & Spencer,5.0,Paling Populer
122,Pure Cotton Flannel Shirt,Rp 729.900,Marks & Spencer,4.9,
123,Regular Fit Long Sleeve Checks Shirt,Rp 429.900,WOOD,5.0,
124,Easy Iron Cotton Rich Striped Oxford Shirt,Rp 949.900,Marks & Spencer,4.9,Paling Populer
125,Regular Fit Cotton Rich Striped Shirt,Rp 849.900,Marks & Spencer,5.0,Paling Populer
126,AMK Kemeja Batik Pria Lengan Panjang SHB Banjarejo Ls Black,Rp 469.000,AMK,5.0,
127,AMK Kemeja Pria Flannel Lengan Panjang SHF MASARU L/S Camel,Rp 469.000,AMK,4.8,
128,AMK Kemeja Pria Lengan Panjang SHS Benjamin L/s Green,Rp 469.000,AMK,4.3,
129,Platini Kemeja Pria Polos Lengan Pendek Katun Oxford Cream Nude 1069,Rp 299.000,Platini,4.8,
130,POLICE Kemeja Printing Cotton Soft Coklat Regular Fit Pria,Rp 399.000,Police Denim,4.8,Paling Populer
131,Pure Cotton Oxford Shirt,Rp 649.900,Marks & Spencer,4.9,Paling Populer
132,Kemeja Regular Pria Daffle,Rp 499.900,Bombboogie,5.0,
133,Pure Cotton Oxford Shirt,Rp 649.900,Marks & Spencer,4.9,
134,Pure Cotton Check Oxford Shirt,Rp 949.900,Marks & Spencer,5.0,
135,POLICE Kemeja Abstrak Printing Cotton Soft Putih Hijau Regular Fit Pria,Rp 399.000,Police Denim,4.8,Paling Populer
136,Relegant Poplin Shirt - BOSS Orange,Rp 3.159.000,BOSS,4.9,
137,POLICE Kemeja Polos Relaxfit Cotton Slub Abu Pria,Rp 399.000,Police Denim,4.8,Paling Populer
138,Regular Fit Easy Iron Cotton Blend Shirt,Rp 499.900,Marks & Spencer,4.9,Paling Populer
139,Kemeja lengan pendek pria formal slim fit black houseofcuff,Rp 299.000,House of Cuff,4.5,Paling Populer
140,Platini Kemeja Pria Lengan Pendek Motif Salur Abu 73102,Rp 479.000,Platini,4.8,Paling Populer
141,Striped Summer Shirt,Rp 1.019.000,Trendyol,5.0,
142,POLICE Kemeja Polos Jeans Regular Fit Pria,Rp 399.000,Police Denim,5.0,Paling Populer
143,Bready,Rp 599.000,Hush Puppies,5.0,Paling Populer
144,MOC Kemeja Lengan Pendek Pria PEDRIC-BLACK,Rp 189.900,MOC,4.7,
145,MAGINOT OXFORD 2.0 NAVY Kemeja Casual Slim Fit Lengan Panjang,Rp 499.000,Maginot,4.9,
146,Regular Fit Cotton Blend Short Sleeve Shirt,Rp 849.900,Marks & Spencer,5.0,Paling Populer
147,AMK Kemeja Pria Lengan Pendek SHS Daniel S/s Khaki,Rp 449.000,AMK,5.0,
148,AMK Kemeja Pria Lengan Panjang SHP Montana L/S Navy Blue,Rp 449.000,AMK,4.8,
149,AMK Kemeja Pria Lengan Pendek SHP Alabama S/S Grey,Rp 449.000,AMK,4.5,
150,Cotton Rich Seersucker Shirt,Rp 799.900,Marks & Spencer,5.0,
151,POLICE Kemeja Polos Basic Cotton Soft Regular Fit Lengan Pendek Pria,Rp 399.000,Police Denim,4.8,
152,Cotton Blend Check Textured Overshirt,Rp 999.900,Marks & Spencer,5.0,Paling Populer
153,AMK Kemeja Pria Lengan Pendek SHS YIRUMA S/S Premiere Solid Coklat Tua,Rp 449.000,AMK,3.8,
154,Regular Fit Pure Linen Shirt,Rp 1.099.900,Marks & Spencer,5.0,Paling Populer
155,Lawell Kemeja Pria Lengan Panjang Polos Warna Navy – Franco,Rp 349.000,Lawell,,
156,OXCON Utility Double Pocket Authentic Kemeja Flannel Shirt Monotone Black,Rp 390.000,Oxcon,4.8,
157,Cuban Viking Blue Casual Shirt,Rp 359.000,VENGOZ,5.0,
158,RBJ Kemeja Polos Cotton Slub Biru Regular Fit Pria,Rp 399.000,RBJ,4.8,
159,Checkered Shirt,Rp 899.000,Trendyol,4.8,
160,Cotton Rich Check Double Faced Overshirt,Rp 1.199.900,Marks & Spencer,4.9,Paling Populer
161,Basic Shirt Classic Cuff Collar,Rp 399.000,KOTON,5.0,
162,Pocketed Fleece Shirt,Rp 1.019.000,Trendyol,,
163,Standard Fit Poplin Shirt,Rp 1.229.000,GAP,5.0,
164,Pure Cotton Textured Overshirt,Rp 999.900,Marks & Spencer,4.8,Paling Populer
165,Standard Fit Oxford Shirt,Rp 1.249.000,GAP,5.0,
166,Short Sleeve Linen Blend Koko Shirt,Rp 449.900,WOOD,5.0,
167,Cotton Rich Striped Overshirt,Rp 949.900,Marks & Spencer,4.3,Paling Populer
168,Smart Two Pocket Overshirt with Stretch,Rp 1.049.900,Marks & Spencer,4.0,Paling Populer
169,Linen Rich Cuban Collar Wave Print Shirt,Rp 849.900,Marks & Spencer,5.0,
170,Regular Fit Long Sleeve Denim Shirt,Rp 429.900,WOOD,4.3,
171,POLICE Kemeja Printing Cotton Soft Regular Fit Pria,Rp 399.000,Police Denim,4.8,
172,Pooh,Rp 699.000,Hush Puppies,4.8,Paling Populer
173,Jobb Geremy Kemeja Pria Lengan Pendek Regular Fit Hitam 3,Rp 599.000,Jobb,5.0,
174,Slim Stretch Poplin Shirt,Rp 1.229.000,GAP,5.0,
175,Eaden Stand Collar Shirt,Rp 699.000,Obermain,4.4,
176,Platini Kemeja Motif Pria Lengan Pendek Katun Navy 132215,Rp 499.000,Platini,5.0,
177,Ray Outer Shirt,Rp 559.000,Obermain,5.0,Paling Populer
178,Short Sleeve Stripes Koko Shirt,Rp 449.900,WOOD,5.0,
179,Standard Fit Oxford Shirt,Rp 1.339.000,Gap,5.0,
180,Easy Iron Pure Cotton Striped Shirt,Rp 799.900,Marks & Spencer,5.0,Paling Populer
181,AMK Kemeja Basic Pria Lengan Panjang SHS GINJIRO L/S Grey,Rp 469.000,AMK,5.0,
182,Pure Cotton Diamond Print Shirt,Rp 849.900,Marks & Spencer,5.0,Paling Populer
183,POLICE Kemeja Polos Basic Cotton Soft Choco Brown Regular Fit Lengan Panjang Pria,Rp 399.000,Police Denim,4.9,Paling Populer
184,Pure Cotton Striped Oxford Shirt,Rp 729.900,Marks & Spencer,5.0,
185,AMK Kemeja Pria Lengan Pendek SHG ITO S/S Tosca,Rp 449.000,AMK,4.9,
186,AMK AUSTIN BLUE,Rp 449.000,AMK,5.0,
187,Lawell Kemeja Pria Slim Fit – Formal & Casual Warna Emerald – Cotton Garbadin – ALCEO-MLSF,Rp 399.000,Lawell,5.0,
188,Pure Cotton Oxford Shirt,Rp 649.900,Marks & Spencer,4.9,Paling Populer
189,Lawell Kemeja Casual Pria Lengan Pendek Regular Fit Warna Green – Cotton Oxford Kecil – KING-MSRC,Rp 349.000,Lawell,5.0,
190,Platini Kemeja Pria Polos Lengan Pendek Katun Oxford Mauve 1069,Rp 299.000,Platini,4.8,Paling Populer
191,AMK Kemeja Pria Lengan Panjang SHS TAKURO L/S Medium Blue,Rp 469.000,AMK,5.0,
192,MAGINOT OXFORD 2.0 BLACK Kemeja Casual Slim Fit Lengan Pendek,Rp 499.000,Maginot,4.9,
193,Johnwin - Slim Fit - Kemeja Casual Active - Lengan Abu - Putih,Rp 332.600,Johnwin,4.6,
194,MOC Kemeja Batik Lengan Panjang Pria MUCHOZ - Dark Brown,Rp 299.900,MOC,4.9,
195,Cotton Well Marc Long Sleeve Oxford Shirt Jet Blue | Kemeja Pria Lengan Panjang Basic Polos Biru Tua Denim,Rp 449.000,Cotton Well,,
196,MOC Kemeja Batik Lengan Panjang Pria MUCHOZ - Dark Brown,Rp 299.900,MOC,4.9,
197,MOC Kemeja Lengan Panjang Pria GLOXI - BROWN,Rp 399.900,MOC,5.0,
198,Gloaming Kemeja Flanel Veterano Unisex Averin,Rp 320.000,Gloaming,5.0,Paling Populer
199,AMK Kemeja Pria Lengan Pendek SHS Daniel S/s Grey,Rp 449.000,AMK,4.8,
200,Relaxed Fit Short Sleeve Stripes Shirt,Rp 399.900,WOOD,4.9,Paling Populer
201,NAUTICA CNY Flower - NAUWC660760R,Rp 749.000,NAUTICA,,
202,Johnwin - Kemeja Formal - Opulence - Lengan Pendek - Slim Fit  - FSH.650.K393,Rp 439.600,Johnwin,,
203,Kemeja Pria Rable,Rp 499.900,Bombboogie,5.0,
204,Cotton Poplin Regular Fit Shirt - BOSS Orange,Rp 3.159.000,BOSS,4.9,
205,MEN'S SHORT SLEEVE GREEN SHIRT COLOR COMBINATION MEN,Rp 649.900,Arnold Palmer,5.0,
206,POLICE Kemeja Polos Basic Cotton Soft White Regular Fit Pria,Rp 399.000,Police Denim,4.8,Paling Populer
207,Geometric Print Cuban Collar Shirt,Rp 799.900,Marks & Spencer,5.0,
208,Kemeja Lengan Pendek Pierre Cardin Orion Night Check - Dark Blue Smart Casual Look,Rp 999.000,Pierre Cardin,,
209,MOC - Kemeja Motif Lengan Pendek Pria Caspian - Dark Navy,Rp 329.900,MOC,,
210,Slim Fit Short Sleeve Check Shirt,Rp 329.900,Executive,5.0,Paling Populer
211,Pooh,Rp 699.000,Hush Puppies,4.7,Paling Populer
212,Easy Iron Cotton Rich Striped Oxford Shirt,Rp 949.900,Marks & Spencer,4.9,
213,AMK Kemeja Shanghai Pria Lengan Pendek SHG Laurel Ss Olive,Rp 449.000,AMK,,
214,POLICE Kemeja Polos Cotton Kantong Dua Regular Fit Pria,Rp 399.000,Police Denim,,
215,POLICE Kemeja Kotak Yarndyed Regular Fit Pria,Rp 399.000,Police Denim,,
216,T.S.O.P Shirt Black,Rp 799.000,Blood & Bone,,
217,Easy Iron Cotton Linen Blend Striped Shirt,Rp 949.900,Marks & Spencer,5.0,Paling Populer
218,Cotton Rich Check Overshirt,Rp 949.900,Marks & Spencer,5.0,Paling Populer
219,POLICE Kemeja Abstrak Printing Cotton Soft Abu Regular Fit Pria,Rp 399.000,Police Denim,4.7,Paling Populer
220,Rompas Shirts,Rp 469.900,X-EIGHT,5.0,
221,Platini Kemeja Pria Polos Oxford Pendek Maroon 1069,Rp 299.000,Platini,4.9,
222,Navy Blue More Sustainable Regular Fit Low Shoulder Pocket Viscose Summer Shirt TMNSS25GO00005,Rp 479.000,Trendyol,,
223,AMK Kemeja Pria Lengan Pendek SHG TATSUKI S/S Khaki,Rp 449.000,AMK,5.0,
224,Mens Shirt - NAUW550014NV,Rp 699.000,NAUTICA,,Paling Populer
225,AMK Kemeja Pria Lengan Pendek SHP Oregon S/S Green,Rp 449.000,AMK,4.2,
226,Slim Fit Non Iron Pure Cotton Shirt,Rp 849.900,Marks & Spencer,4.9,
227,Easy Iron Cotton Linen Blend Striped Shirt,Rp 799.900,Marks & Spencer,4.9,Paling Populer
228,AMK Kemeja Pria Lengan Pendek SHS YUTAKA S/S Olive,Rp 449.000,AMK,,
229,AMK Kemeja Pria Lengan Pendek SHS YIRUMA S/S Premiere Solid Coklat,Rp 449.000,AMK,3.0,
230,Schoeller Kemeja Pria Putih Motif Slim Fit Lengan Panjang – DRAKE-MLNS-PT | Katun Premium Formal Office Shirt,Rp 349.000,Schoeller,5.0,
231,Mens Shirt - NAUW561431BW,Rp 599.000,NAUTICA,,Paling Populer
232,Dillion Ls,Rp 699.000,Hush Puppies,5.0,Paling Populer
233,Darwin Shirt Kemeja Katun Lengan Pendek,Rp 519.000,Krisna Batik,5.0,
234,MOC - Kemeja Polos Lengan Panjang Pria Verdon - White,Rp 379.900,MOC,5.0,
235,OXCON Extra Comfort Authentic Flannel Shirt Monotone Black,Rp 370.000,Oxcon,4.8,
236,OXCON Kemeja Oxford Pria Pendek - Metro Series Black,Rp 325.000,Oxcon,4.7,
237,Easy Iron Pure Cotton Textured Shirt,Rp 799.900,Marks & Spencer,5.0,Paling Populer
238,AMK Kemeja Pria Shanghai Polos SHG NOBI Premiere Solid Navy Blue,Rp 469.000,AMK,5.0,
239,Shakermaker Shirt Black,Rp 649.000,Blood & Bone,4.7,
240,Mens Shirt - NAUW550011NL,Rp 699.000,NAUTICA,5.0,
241,Pure Cotton Ultimate Oxford Shirt,Rp 649.900,Marks & Spencer,4.9,
242,AMK Kemeja Batik Pria Lengan Panjang SHB Banjarejo Ls Olive,Rp 469.000,AMK,4.7,
243,Paulmay Kemeja Pria Reguler Fit Oxford Baby Green Shirts,Rp 299.000,PAULMAY,4.8,Paling Populer
244,Cotton Blend Print Shirt,Rp 849.900,Marks & Spencer,,
245,Pure Cotton Striped Seersucker Revere Shirt,Rp 799.900,Marks & Spencer,4.9,Paling Populer
246,AMK Kemeja Pria Lengan Pendek SHP Diego S/S Olive,Rp 449.000,AMK,4.7,
247,Jobb Cleyton Kemeja Pria Lengan Panjang Regular Fit Putih,Rp 659.000,Jobb,5.0,
248,Fazwan Shirts,Rp 469.900,X-EIGHT,5.0,
249,OXCON Utility Double Pocket Authentic Kemeja Flannel Shirt Monotone Black,Rp 390.000,Oxcon,4.8,Paling Populer
250,RBJ Kemeja Polos Cotton Slub Biru Regular Fit Pria,Rp 399.000,RBJ,4.8,
251,Cuban Viking Blue Casual Shirt,Rp 359.000,VENGOZ,5.0,Paling Populer
252,POLICE Kemeja Polos Cotton Regular Fit Pria,Rp 399.000,Police Denim,5.0,Paling Populer
253,Cotton Linen Blend Striped Grandad Collar Shirt,Rp 949.900,Marks & Spencer,5.0,
254,Relaxed Fit Knitted Striped Shirt,Rp 1.099.900,Marks & Spencer,3.7,Paling Populer
255,Pure Cotton Striped Seersucker Shirt,Rp 849.900,Marks & Spencer,5.0,Paling Populer
256,Shirt Short Sleeve CAIN. 06P25,Rp 379.900,Wrangler,5.0,
257,Easy Iron Pure Cotton Print Oxford Shirt,Rp 699.900,Marks & Spencer,4.9,
258,POLICE Kemeja Kotak Cotton Slub Merah Regular Fit Pria,Rp 399.000,Police Denim,4.5,
259,Kemeja Regular Pria Mora,Rp 439.900,Bombboogie,5.0,Paling Populer
260,WHITE SHORT-SLEEVED MOTIF SHIRT FOR MEN,Rp 399.900,VALINO,5.0,
261,Easy Iron Pure Cotton Shirt,Rp 729.900,Marks & Spencer,5.0,Paling Populer
262,Cotton Well Marc Long Sleeve Oxford Shirt Jet Blue | Kemeja Pria Lengan Panjang Basic Polos Biru Tua Denim,Rp 449.000,Cotton Well,,Paling Populer
263,Mink Unisex Relaxed Fit Short Sleeve Shirt Tmnss23Go00064,Rp 599.000,Trendyol,5.0,
264,POLICE Kemeja Kotak Linen Biru Regular Fit Pria,Rp 399.000,Police Denim,4.7,
265,AMK Kemeja Pria Lengan Pendek SHS AIDEN S/S Blue,Rp 449.000,AMK,5.0,
266,Cotton Linen Blend Fine Stripe Shirt,Rp 949.900,Marks & Spencer,4.9,Paling Populer
267,LARUSSO Big Size Kemeja Poplin Softwash Liquid Touch Relax Fit Shirt Lengan Pendek - Maroon Dried Tomato,Rp 319.900,Larusso,,
268,Johnwin - Slim Fit - Kemeja Casual Active - Garis Putih - Biru,Rp 397.600,Johnwin,4.5,
269,90'S Resort Shirt,Rp 559.000,Hush Puppies,4.9,
270,AMK Kemeja Pria Lengan Pendek SHP Oregon S/S Tosca,Rp 449.000,AMK,5.0,
271,MANZONE - Kemeja Batik Lengan Pendek Pria Kripawarman Modern Fit - White,Rp 359.900,Manzone,4.8,Paling Populer
272,POLICE Kemeja Polos Cotton Twill Regular Fit Khaky Pria,Rp 399.000,Police Denim,4.9,
273,Platini Kemeja Pria Polos Lengan Pendek Katun Oxford Putih 1069,Rp 299.000,Platini,4.9,
274,OXCON Easy Shirts Kemeja Tangan Pendek Army,Rp 189.000,Oxcon,4.9,
275,Platini Kemeja Lengan Panjang Katun Motif Kotak Navy 76461,Rp 549.000,Platini,4.9,
276,Manta Shirt,Rp 799.000,Blood & Bone,5.0,
277,WHITE SLIM FIT LONG-SLEEVE SHIRT FOR MEN,Rp 349.900,VALINO,4.9,
278,MOC - Kemeja Polos Lengan Panjang Pria Verdon - White,Rp 379.900,MOC,5.0,
279,Short Sleeve Stripes Koko Shirt,Rp 449.900,WOOD,5.0,
280,POLICE Kemeja Printing Cotton Soft Biru Regular Fit Pria,Rp 399.000,Police Denim,4.9,
281,OXCON Extra Comfort Authentic Flannel Shirt Monotone Black,Rp 370.000,Oxcon,4.8,Paling Populer
282,Kemeja Pria Regular Morton Chambray,Rp 459.900,Bombboogie,,
283,Twill Cuban Collar Shirt,Rp 949.900,Marks & Spencer,,
284,MOC Kemeja Lengan Panjang Pria STUART - NAVY,Rp 399.900,MOC,4.8,
285,Cotton Rich Twill Striped Oxford Shirt,Rp 949.900,Marks & Spencer,,
286,Bsc Dillion 3,Rp 559.000,Hush Puppies,4.8,Paling Populer
287,MOC Kemeja Lengan Panjang Pria GLOXI - BROWN,Rp 399.900,MOC,5.0,
288,Regular Fit Long Sleeve Oxford Shirt,Rp 349.900,Executive,,
289,Easy Iron Pure Cotton Striped Oxford Shirt,Rp 729.900,Marks & Spencer,4.8,Paling Populer
290,Cotton Rich Short Sleeve Cuban Collar Shirt,Rp 849.900,Marks & Spencer,5.0,
291,Standard Oxford Shirt,Rp 1.339.000,GAP,4.5,
292,Easy Iron Pure Cotton Textured Shirt,Rp 729.900,Marks & Spencer,5.0,
293,Kemeja Flanel Pria Dark Sins,Rp 529.900,Bombboogie,5.0,
294,OXCON Kemeja Oxford Pria Pendek - Metro Series Black,Rp 325.000,Oxcon,4.7,
295,Regular Fit Cotton Rich Twill Shirt,Rp 599.900,Marks & Spencer,5.0,Paling Populer
296,POLICE Kemeja Printing Cotton Tencel Regular Fit Pria,Rp 399.000,Police Denim,5.0,
297,Long Sleeve Garment Dyed Shirt,Rp 349.900,Executive,5.0,
298,Pluto,Rp 599.000,Hush Puppies,5.0,Paling Populer
299,Regular Fit Short Sleeve Check Shirt,Rp 399.900,WOOD,5.0,
300,Houseofcuff kemeja Koko Lengan Panjang Pria Beige,Rp 250.000,House of Cuff,4.7,
301,Platini Kemeja Pria Polos Lengan Pendek Katun Oxford Putih 1069,Rp 299.000,Platini,4.9,
302,Easy Iron Striped Oxford Shirt,Rp 849.900,Marks & Spencer,4.6,Paling Populer
303,POLICE Kemeja Polos Cotton Kantong Dua Regular Fit Pria,Rp 399.000,Police Denim,5.0,
304,LARUSSO Big Size Kemeja Poplin Softwash Liquid Touch Relax Fit Shirt Lengan Pendek - Navy,Rp 319.900,Larusso,5.0,
305,Brown Oversized Fit Embroidered Brode Summer Embroidered Shirt TMNSS25GO00049,Rp 909.000,Trendyol,,
306,AMK Kemeja Pria Lengan Panjang SHS Dimitri L/S White,Rp 469.000,AMK,5.0,
307,AMK Kemeja Pria Lengan Pendek SHS Orlando S/S White,Rp 449.000,AMK,4.4,
308,Platini Kemeja Lengan Panjang Katun Motif Kotak Navy 76461,Rp 549.000,Platini,4.9,
309,AMK Kemeja Batik Pria Lengan Pendek SHB Boelang Ss Olive,Rp 449.000,AMK,4.0,
310,MANZONE - Kemeja Oxford Lengan Pendek Pria Rodrick 02 Slim Fit - Brown,Rp 179.900,Manzone,4.9,
311,AMK Kemeja Pria Lengan Pendek SHG TATSUKI S/S Black,Rp 449.000,AMK,5.0,
312,Platini Kemeja Motif Salur Pria Lengan Pendek Katun Light Blue 73627 ,Rp 399.000,Platini,5.0,
313,RBJ Kemeja Polos Cotton Putih Slim Fit Pria,Rp 399.000,RBJ,4.8,
314,MOC Kemeja Lengan Panjang Pria MOGOYO BESTBUY - MAROON,Rp 299.900,MOC,4.9,
315,Platini Kemeja Motif Salur Pria Lengan Pendek Katun Light Blue 73627 ,Rp 399.000,Platini,5.0,
316,POLICE Kemeja Polos Cotton Logo Plat Besi Regular Fit Pria,Rp 399.000,Police Denim,5.0,
317,Short Sleeve Shirt Geometric Embroidered Regular Fit,Rp 889.000,KOTON,,
318,Pure Cotton Hawaiian Shirt,Rp 799.900,Marks & Spencer,5.0,Paling Populer
319,RBJ Kemeja Polos Cotton Putih Slim Fit Pria,Rp 399.000,RBJ,4.8,
320,Pure Cotton Striped Seersucker Shirt,Rp 849.900,Marks & Spencer,5.0,
321,Long Sleeve Washed Poplin Shirt,Rp 349.900,Executive,5.0,
322,Johnwin - Kemeja Casual - Kemeja Pria - Biru Muda - Salur - Lengan Pendek - ASH.670.K880.768.C-S/S,Rp 369.600,Johnwin,5.0,
323,Kemeja Pria Bradley,Rp 579.900,Bombboogie,4.0,
324,Pleated Linen Blend Shirt,Rp 809.000,Trendyol,,
325,Kemeja Lengan Pendek Pierre Cardin Printed Nottucle - White Regular Casual,Rp 999.000,Pierre Cardin,5.0,
326,Kemeja Pria Ottoman,Rp 499.900,Bombboogie,5.0,
327,Basic Long Sleeves Slim Fit Jasper Series,Rp 199.000,LORIENT,3.9,Paling Populer
328,AMK Kemeja Pria Lengan Pendek SHS AIDEN S/S Black,Rp 449.000,AMK,4.8,
329,Knitted Short Sleeves Summer Shirt,Rp 999.000,Trendyol,,
330,AMK LESMANA BROWN,Rp 449.000,AMK,5.0,
331,Bsc Dillion 3,Rp 559.000,Hush Puppies,5.0,Paling Populer
332,MEN'S BLUE SHORT-SLEEVED SHIRT,Rp 399.900,VALINO,,
333,Stripe Shirt,Rp 579.000,Trendyol,,
334,Lawell Kemeja Casual & Formal Pria Slim Fit Army – Cotton Garbadin – ALCEO-MLSC,Rp 399.000,Lawell,,
335,Kemeja Pria Regular Falcon,Rp 469.900,Bombboogie,4.8,
336,Cotton Linen Blend Shirt,Rp 949.900,Marks & Spencer,4.9,
337,Geometric Print Shirt,Rp 849.900,Marks & Spencer,4.9,
338,Kemeja lengan pendek pria formal slim fit maroon houseofcuff,Rp 299.000,House of Cuff,4.5,
339,POLICE Kemeja Polos Cotton Regular Fit Pria,Rp 399.000,Police Denim,4.8,
340,White Regular Fit Epaulette Wrinkled Effect Linen Look Plus Size Shirt TMNSS25AX00002,Rp 749.000,Trendyol,,
341,AMK Kemeja Pria Flannel Lengan Panjang SHF FUMIRO L/S Blue,Rp 469.000,AMK,4.2,
342,Long Sleeve Active Shirt,Rp 399.900,Executive,4.8,Paling Populer
343,MEN'S LONG SLEEVE NAVY STRIPED SHIRT,Rp 459.900,VALINO,,
344,MOC Kemeja Lengan Panjang Pria MOGOYO BESTBUY - MAROON,Rp 299.900,MOC,4.9,
345,UA Tech 2.0 1/2 Zip Shirt,Rp 729.000,Under Armour,4.8,Paling Populer
346,Pure Linen Striped Grandad Collar Shirt,Rp 949.900,Marks & Spencer,4.8,Paling Populer
347,BASTIEN - BEIGE WHITE PEPPER Kemeja Flannel Casual Pria Lengan Panjang LS - Top Man Shirt,Rp 499.900,Edwin Jeans,4.9,
348,MANZONE - Kemeja Oxford Lengan Pendek Pria Kobe Slim Fit - White,Rp 159.900,Manzone,4.8,Paling Populer
349,Cotton Linen Shirt KLS621,Rp 499.500,Lois Jeans,5.0,Paling Populer
350,Cuban Dark Green Casual Shirt,Rp 359.000,VENGOZ,4.7,
351,Cuban Dark Green Casual Shirt,Rp 359.000,VENGOZ,4.7,
352,MOC Kemeja Lengan Panjang Pria KIQKING - MAROON,Rp 399.900,MOC,5.0,
353,MOC Kemeja Lengan Panjang Pria REED - RED,Rp 399.900,MOC,5.0,
354,POLICE Kemeja Polos Cotton Twill Regular Fit Hijau Tua Pria,Rp 399.000,Police Denim,4.9,
355,Long Sleeve Flanel Checks Shirt,Rp 429.900,WOOD,5.0,
356,Smart Two Pocket Overshirt with Stretch,Rp 1.049.900,Marks & Spencer,4.0,Paling Populer
357,MAGINOT OXFORD 2.0 GREEN Kemeja Casual Slim Fit Lengan Panjang,Rp 499.000,Maginot,4.7,
358,Johnwin - Kemeja Formal - Kerah Shanghai - Hitam - Slim Fit - FSH.650.K604.842.C,Rp 379.600,Johnwin,5.0,
359,Kemeja Lengan Pendek Pierre Cardin Printed Hemma Luc - Olive Regular Casual,Rp 999.000,Pierre Cardin,,
360,MEN'S BLUE STRIPED SLUB SHORT SLEEVE REGULAR SHIRT,Rp 429.900,VALINO,5.0,
361,POLICE Kemeja Polos Basic Cotton Soft Grey Regular Fit Pria,Rp 399.000,Police Denim,4.8,
362,Denim Overshirt,Rp 1.199.900,Marks & Spencer,4.9,Paling Populer
363,Multicolored Oversize Fit Striped Textured Fabric Summer Linen Look Men's Shirt TMNSS25GO00065,Rp 639.000,Trendyol,3.0,Paling Populer
364,MAGINOT Kemeja Pria Basic Cuban Collar Rayon Pendek GREY,Rp 499.000,Maginot,5.0,
365,POLICE Kemeja Printing Cotton Soft Olive Regular Fit Pria,Rp 399.000,Police Denim,4.9,
366,Double Pocket Long Sleeve Shirt,Rp 349.900,Executive,5.0,
367,AMK Kemeja Pria Lengan Pendek SHP Cairo S/S Grey,Rp 449.000,AMK,4.0,
368,Giordano Men's Linen Short Sleeve Shirt 0104621541,Rp 699.000,Giordano,5.0,
369,Pure Linen Grandad Collar Shirt,Rp 1.099.900,Marks & Spencer,5.0,Paling Populer
370,Classic Long Sleeve Shirt,Rp 779.000,KOTON,,
371,MOC Kemeja Lengan Pendek BARTLEY - BLUE Warna BLUE,Rp 359.900,MOC,5.0,
372,Pure Linen Short Sleeve Shirt,Rp 949.900,Marks & Spencer,4.8,
373,Basic Long Sleeves Slim Fit Jasper Series,Rp 199.000,LORIENT,4.8,
374,Regular Fit Linen Rich Striped Shirt,Rp 849.900,Marks & Spencer,5.0,
375,AMK Kemeja Pria Flannel Lengan Panjang SHF MASARU L/S  Navy Blue,Rp 469.000,AMK,5.0,
376,MANZONE - Kemeja Oxford Lengan Pendek Pria Kobe Slim Fit  - Black,Rp 159.900,Manzone,4.9,
377,MOC Kemeja Lengan Panjang Pria KIQKING - MAROON,Rp 399.900,MOC,5.0,
378,Relaxed Fit Short Sleeve Stripes Shirt,Rp 399.900,WOOD,5.0,
379,CDL Kemeja Kasual Lengan Panjang,Rp 530.000,CDL,5.0,
380,Kemeja Lengan Pendek Guy Laroche Printed Vougen - Loop Black Cotton,Rp 1.079.000,Guy Laroche,5.0,
381,Long Sleeve Regular Fit Button Collar Classic Linen Shirt,Rp 1.209.000,KOTON,4.0,
382,MOC Kemeja Lengan Panjang Pria REED - RED,Rp 399.900,MOC,5.0,
383,Cotton Well Elvon Smart Shirt Black | Kemeja Pria Formal Basic Clean Lengan Pendek Hitam,Rp 359.000,Cotton Well,5.0,
384,POLICE Kemeja Printing Cotton Soft Abu Regular Fit Pria,Rp 399.000,Police Denim,4.8,
385,POLICE Kemeja Polos Basic Cotton Soft Grey Regular Fit Pria,Rp 399.000,Police Denim,4.8,
386,Double Pocket Long Sleeve Shirt,Rp 349.900,Executive,5.0,
387,Fiorenza Jingga Kemeja Batik Pria Premium Slimfit Modern Lengan Panjang,Rp 650.000,Batik Mayung,,
388,Kemeja kerja slim fit lengan pendek pria kerja Putih houseofcuff,Rp 299.000,House of Cuff,4.5,
389,AMK Kemeja Pria Lengan Panjang SHS MASAHIRO L/S Premiere Solid White,Rp 469.000,AMK,4.8,
