Product Name;Price;Store;Rating;Paling Populer
Gloaming Kemeja Flanel Veterano Unisex Luserra;320000;Gloaming;5.0;0
Vigge Shirts;469900;X-EIGHT;4.9;0
Gloaming Kemeja Flanel Boxy Oversize Pendek Rivaro Cotton Flanel Pria;210000;Gloaming;4.4;0
AMK Kemeja Pria Lengan Pendek SHP Diego S/S Olive;449000;AMK;5.0;0
Jobb Bellagio Kemeja Pria Lengan Panjang Slim Fit Navy 4;629000;Jobb;4.8;1
POLICE Kemeja Abstrak Printing Cotton Soft Putih Hijau Regular Fit Pria;399000;Police Denim;4.8;1
Basic Long Sleeves Slim Fit Jasper Series;199000;LORIENT;4.6;1
Linen Blend Slim Fit Shirt - White LS;499000;VENGOZ;4.7;1
POLICE Kemeja Polos Slub Regular Fit Pria Bio White;399000;Police Denim;5.0;1
Regular Fit Short Sleeve Check Shirt;399900;WOOD;5.0;1
Giordano Men's Long Sleeve Mini Lion Shirt 0104607301;659000;Giordano;0.0;1
POLICE Kemeja Polos Oxford Slub Regular Fit Pria Abu;399000;Police Denim;4.9;1
Regular Fit Long Sleeve Checks Shirt;429900;WOOD;4.7;1
Insight Kemeja Lengan Pendek C Heaven Door Shirt White Planet Surf;599000;Insight;4.9;0
POLICE Kemeja Polos Basic Cotton Soft White Regular Fit Pria;399000;Police Denim;4.8;1
Manzone Kemeja Lengan Panjang Pria Slim Fit Foxy- Black;179900;Manzone;4.7;0
Dillion 2 (Ss25);559000;Hush Puppies;4.9;1
Jobb Beverly Kemeja Pria Lengan Panjang Slim Fit Navy;799000;Jobb;5.0;0
Checkered Shirt;1169000;Trendyol;5.0;0
AMK Kemeja Pria Lengan Pendek SHG TATSUKI S/S Black;449000;AMK;5.0;0
AMK Kemeja Pria Lengan Pendek SHS KAZUKI S/S Green;449000;AMK;4.6;0
Jobb Allenby Kemeja Pria Lengan Pendek Slim Fit Putih;599000;Jobb;4.8;0
Basic Shirt;1009000;Trendyol;5.0;0
MOC - Kemeja Motif Pria Lengan Pendek Gerald - Green Warna Green;299900;MOC;4.7;0
Giordano Men's Long Sleeve Mini Lion Shirt 0104607309;659000;Giordano;5.0;0
POLICE Kemeja Printing Cotton Soft Regular Fit Pria;399000;Police Denim;4.8;0
Kemeja Pria Regular Stridle;499900;Bombboogie;5.0;0
Kemeja Pria Regular Welton;499900;Bombboogie;0.0;0
MEN'S CREAM FLANNEL SHORT SLEEVE SHIRT;459900;Kent & Crew;4.0;0
MOC - Kemeja Batik Pria Lengan Pendek Arsia - White Warna White;329900;MOC;4.8;0
AMK Kemeja Pria Lengan Pendek SHS YUTAKA S/S Black;449000;AMK;3.7;0
AMK Kemeja Pria Lengan Pendek SHS Hunter S/S White;449000;AMK;4.0;0
AMK Kemeja Pria Lengan Panjang SHS ANDREW L/S Light Blue;469000;AMK;4.8;0
Jobb Revano Kemeja Pria Lengan Pendek Slim Fit Navy;699000;Jobb;4.8;0
[NEW] Osella Solid Cotton Slub Shanghai Collared Long Sleeve Shirt 2037520312 | Kemeja Pria Lengan Panjang;499900;Osella;4.8;0
Linen-Cotton Shirt;1359000;GAP;5.0;0
Checkered Shirt;899000;Trendyol;4.8;0
Classic Shirt;759000;Trendyol;0.0;0
Regular Fit Short Sleeve Check Shirt;399900;WOOD;4.8;1
Gloaming Kemeja Flanel Veterano Unisex Panjang Whimsia;320000;Gloaming;4.8;0
Rayon Collar Kemeja Pendek Polos Black;290000;Gloaming;4.8;0
Gloaming Kemeja Flanel Veterano Panjang Calviro;320000;Gloaming;5.0;0
LGS - Slim Fit - Kemeja Casual Pria - Lengan Pendek - Biru - Motif Polos - JSH.391.S1079F.877.C;449800;LGS;4.9;0
Basic Long Sleeves Slim Fit Jasper Series;199000;LORIENT;3.9;0
Basic Shirt;839000;Trendyol;0.0;0
Flannel Plaid Shirt;759000;Trendyol;4.8;0
POLICE Kemeja Printing Cotton Soft Coklat Regular Fit Pria;399000;Police Denim;4.8;1
Manzone Kemeja Lengan Pendek Pria Slim Fit Kobe - Navy;159900;Manzone;4.8;0
Platini Kemeja Pria Polos Lengan Panjang Polinosic Twill Hitam 66243;499000;Platini;4.9;1
Slim Fit Grandad Collar Shirt;869000;Trendyol;5.0;0
Linen Blend Slim Fit Shirt - Navy LS;499000;VENGOZ;4.7;0
Gloaming ⁠Kemeja Flanel Boxy Oversize Pendek Cotton Flanel Dravine Pria;210000;Gloaming;5.0;1
Platini Kemeja Pria Lengan Pendek Basic Katun Oxford Hijau Army 63210;479000;Platini;4.9;0
MSH BARACOSTONE WHT;765000;Volcom;4.9;1
Jobb Adencliff Kemeja Pria Lengan Panjang Regular Fit Putih;539000;Jobb;4.9;0
Bsc Dillion 3;559000;Hush Puppies;4.9;1
AMK Kemeja Pria Shanghai Polos SHG NOBI Premiere Solid Navy Blue;469000;AMK;5.0;0
Standard Fit Oxford Shirt;1249000;GAP;5.0;0
Linen Blend Slim Fit Shirt - Olive Green LS;499000;VENGOZ;4.7;0
AMK Kemeja Pria Lengan Pendek SHP Basel S/S Black;449000;AMK;5.0;0
Kemeja Pria Libarus;529900;Bombboogie;5.0;0
Platini Kemeja Putih Pria Lengan Pendek Basic Katun Oxford  63200;479000;Platini;4.8;0
Manzone Kemeja Lengan Pendek KOBE- BLACK;159900;Manzone;4.9;0
MANZONE - Kemeja Lengan Pendek Pria Olav Modern Fit - Grey Warna Grey;259900;Manzone;5.0;0
Platini Kemeja Pria Polos Lengan Pendek Katun Oxford Salem 1069;299000;Platini;4.9;0
Hector Plaid Shirt Stone Blue LS;399000;VENGOZ;4.8;0
LGS - Kemeja Casual Pria - Lengan Pendek - Kotak-Kotak - Coklat Kombinasi - CSH.270.S508.898.C;379900;LGS;5.0;0
POLICE Kemeja Abstrak Printing Cotton Soft Abu Regular Fit Pria;399000;Police Denim;4.7;0
AMK GABRIEL GREEN;469000;AMK;4.0;0
MAGINOT OXFORD 2.0 BLUE Kemeja Casual Slim Fit Lengan Panjang;499000;Maginot;4.8;0
AMK Kemeja Pria Lengan Pendek SHP Alabama S/S Navy Blue;449000;AMK;4.2;0
Insight Kemeja Lengan Pendek Pria C Heaven Door Shirt Planet Surf;599000;Insight;4.9;1
AMK Kemeja Pria Lengan Panjang SHS TAKURO L/S Medium Blue;469000;AMK;5.0;0
Cotton Well Marc Long Sleeve Oxford Shirt  Army Green | Kemeja Lengan Panjang Polos Hijau;299000;Cotton Well;4.9;0
MOC Kemeja Lengan Pendek Pria Gerard - Grey;359900;MOC;5.0;0
AMK Kemeja Pria Lengan Panjang SHS Yonas Ls Blue;569000;AMK;5.0;0
Gloaming Kemeja Flanel Veterano Unisex Panjang Delecta;320000;Gloaming;4.8;0
Gloaming Flanel Veterano Unisex Heavenly;320000;Gloaming;5.0;0
Gloaming Kemeja Flanel Veterano Unisex Averin;320000;Gloaming;5.0;0
AMK ALBANI WHITE;449000;AMK;4.7;0
MANZONE - Kemeja Lengan Pendek Pria Riper Comfort Fit - White Warna White;299900;Manzone;5.0;0
Akarasya Hitam Kemeja Batik Pria Premium Slimfit Lengan Pendek NLN;359000;ABIROY;4.7;0
MANZONE - Kemeja Lengan Panjang Pria Austin Slim Fit - Maroon Warna Maroon;299900;Manzone;4.8;0
Bsc Dillion 3;559000;Hush Puppies;5.0;1
Giordano Men's Long Sleeve Mini Lion Shirt 0104638309;629000;Giordano;0.0;1
MEN'S GREY TWILL SHORT SLEEVE REGULAR SHIRT;399900;VALINO;0.0;0
Regular Fit Short Sleeve Oxford Shirt;399900;WOOD;4.8;0
AMK Kemeja Pria Lengan Pendek SHP Diego S/S Navy Blue;449000;AMK;4.6;1
AMK Kemeja Pria Lengan Pendek SHS Hunter S/S Black;449000;AMK;5.0;0
Platini Kemeja Pria Polos Lengan Panjang Katun Oxford Putih 66200;499000;Platini;4.8;1
Long Sleeve Checks Shirt;429900;WOOD;4.5;1
Rochis Shirts;469900;X-EIGHT;4.7;0
Relaxed Fit Short Sleeve Shirt;399900;WOOD;5.0;1
JIRO - WHITE Kemeja Lengan Panjang Pria Top Man Shirt Warna White;499900;Edwin Jeans;4.7;1
[NEW] Osella Wesley Regular Fit Long Sleeve Shirt 20374016 | Kemeja Lengan Panjang Pria;449900;Osella;5.0;0
AMK Kemeja Pria Lengan Pendek SHS YUTAKA S/S White;449000;AMK;4.5;0
Short Sleeve Textured Stretch Shirt;329900;Executive;5.0;1
Paulmay Kemeja Pria Reguler Fit White Shirt;199000;PAULMAY;4.7;0
Kemeja Pria Aspact 3.0;499900;Bombboogie;0.0;0
AMK Kemeja Pria Lengan Pendek SHP Cairo S/S Green;449000;AMK;4.2;0
Kemeja Regular Pria Vertiline;419900;Bombboogie;5.0;1
POLICE Kemeja Printing Army Regular Fit Pria;399000;Police Denim;4.9;0
Jobb Cleyton Kemeja Pria Lengan Panjang Regular Fit Putih;659000;Jobb;5.0;0
MANZONE - Kemeja Oxford Lengan Pendek Pria Raka 1 Slim Fit - Black;199900;Manzone;3.7;0
AMK Kemeja Pria Lengan Pendek SHS AIDEN S/S Blue;449000;AMK;5.0;0
LARUSSO Big Size Kemeja Poplin Softwash Liquid Touch Relax Fit Shirt Lengan Pendek - Navy;319900;Larusso;5.0;0
Basic Long Sleeves Slim Fit Jasper Series;199000;LORIENT;4.7;0
MOC Kemeja Lengan Panjang Pria STUART - NAVY;399900;MOC;4.8;0
POLICE Kemeja Formal Cotton Lengan Panjang Regular Fit Pria;399000;Police Denim;0.0;0
Platini Kemeja Pria Polos Oxford Pendek Hijau Lumut 1069;299000;Platini;4.9;1
Kemeja Regular Pria Vertics;499900;Bombboogie;0.0;0
AMK ABIMANYU BLUE;449000;AMK;4.9;0
AMK Kemeja Polos Oversize Pria Lengan Panjang SHS Nelson Ls Black;469000;AMK;5.0;1
Short Sleeve Micro Check Shirt;399900;WOOD;4.8;0
Hem Batik Pria Lengan Pendek Furing Marino Lining Blue;589900;Rianty Batik;5.0;0
Caelan Shirts;449900;X-EIGHT;5.0;0
Gloaming Kemeja Fit Lebar Premium Breathable & Stylish Black;320000;Gloaming;4.8;0
POLICE Kemeja Polos Cotton Regular Fit Pria;399000;Police Denim;5.0;0
Kemeja Pria Light Cyrus;379900;Bombboogie;4.0;0
TOYDI-OLIVE LS Shirt;399900;MOC;5.0;0
RBJ Kemeja Polos Twill Rayon Krah Hawaii Abu Tua Regular Fit Pria;399000;RBJ;5.0;0
MOC Kemeja Batik Lengan Panjang Pria CHANDAN-BLACK;399900;MOC;5.0;0
Slim Fit Shirt;869000;Trendyol;5.0;0
AMK LESMANA BROWN;449000;AMK;5.0;0
POLICE Kemeja Polos Jeans Regular Fit Pria;399000;Police Denim;0.0;0
Platini Kemeja Motif Salur Pria Lengan Pendek Katun Navy 73424;499000;Platini;4.8;0
Hugo Stripe Shirt White SS;339000;VENGOZ;4.8;0
POLICE Kemeja Abstrak Printing Regular Fit Pria;399000;Police Denim;4.9;0
AMK Kemeja Batik Pria Lengan Pendek SHB Bria S/S Navy Blue;449000;AMK;5.0;0
POLICE Kemeja Polos Linen Slub Cream Regular Fit Pria;399000;Police Denim;4.6;0
AMK Kemeja Pria Lengan Pendek SHS YUTAKA S/S Olive;449000;AMK;0.0;0
Andre Michel Kemeja Lengan Pendek Abu Motif Hijau 16763;389000;Andre Michel;0.0;0
AMK Kemeja Pria Lengan Pendek SHG Brandon S/s White;449000;AMK;5.0;0
Fiko Shirts;449900;X-EIGHT;4.7;0
Platini Baju Kemeja Polos Basic Pria Panjang Katun CVC Putih 66171;499000;Platini;4.8;0
MEN'S BLACK CASUAL SHORT SLEEVE SHIRT;459900;Kent & Crew;5.0;0
LGS - Kemeja Casual - Motif Batik - Coklat - Regular Fit;497900;LGS;4.9;1
AMK Kemeja Batik Pria Lengan Pendek SHB Arthur S/S Black;449000;AMK;5.0;0
Matsuda Kaos Rugby Polo Shirt Katun Pria Lengan Panjang Nagai Black White;389000;Matsuda;5.0;0
Cotton Twill Shirt KLL608;509500;Lois Jeans;5.0;1
Platini Kemeja Pria Polos Lengan Pendek Katun Oxford COKLAT MUDA 1069;299000;Platini;4.9;0
Cotton Linen Shirt KLS621;499500;Lois Jeans;5.0;1
Short Sleeve Checks Shirt with Pocket;399900;WOOD;5.0;1
Platini Kemeja Flanel Pria Lengan Panjang Hijau 76476;599000;Platini;4.9;0
RBJ Kemeja Salur Yarndyed Krah Hawaii Biru Muda Regular Fit Pria;399000;RBJ;4.8;1
Kemeja Lengan Pendek Putih Motif Kotak Kecil 16883;389000;Andre Michel;5.0;0
Navy Blue More Sustainable Regular Fit Low Shoulder Pocket Viscose Summer Shirt TMNSS25GO00005;479000;Trendyol;0.0;0
Oversized Summer Shirt;589000;Trendyol;0.0;0
Rayon Collar Kemeja Pendek Polos Navy;290000;Gloaming;4.8;0
Jobb Pitsea Kemeja Pria Lengan Pendek Slim Fit Dark Navy;559000;Jobb;5.0;0
Relaxed Fit Short Sleeve Stripes Shirt;399900;WOOD;4.8;1
POLICE Kemeja Polos Cotton Slub Light Grey Regular Fit Lengan Panjang Pria;399000;Police Denim;5.0;0
Gloaming Kemeja Flanel Veterano Unisex Panjang Bellisima;320000;Gloaming;4.8;0
Hem Slimfit Arziki;479900;Rianty Batik;5.0;0
Worn Cortans  Kemeja Pendek Navy;290000;Gloaming;4.8;0
CCSL Kemeja Cotton;539000;Cardinal;5.0;0
Matsuda Kemeja Pria Lengan pendek Waffle Kasual Sagae;349000;Matsuda;4.9;1
AMK Kemeja Pria Lengan Panjang SHS Dimitri L/S Black;469000;AMK;5.0;0
AMK Kemeja Pria Flannel Lengan Panjang SHF MASARU  L/S Red;469000;AMK;5.0;0
Ningrat Kemeja Batik Pria Premium Slimfit Modern Lengan Panjang;399000;Batik Mayung;4.7;0
AMK Kemeja Pria Lengan Pendek SHP Alabama S/S Grey;449000;AMK;4.7;0
POLICE Kemeja Printing Cotton Soft Regular Fit Pria;399000;Police Denim;4.7;1
LGS - Kemeja Casual Pria - Lengan Pendek - Biru - JSH.391.S977F.763.C;427800;LGS;0.0;0
BLACK BLACK SLIM FIT LONG SLEEVE SHIRT;349900;VALINO;4.0;0
Cotton Dobby Shirt KLL602;479500;Lois Jeans;5.0;0
POLICE Kemeja Printing Cotton Soft Biru Regular Fit Pria;399000;Police Denim;4.9;0
Blue Regular Fit Oxford Easy Iron Men's Shirt TMNSS25GO00079;529000;Trendyol;0.0;0
MOC Kemeja Lengan Pendek Pria OSVALDO-WHITE;299900;MOC;5.0;0
Basic Long Sleeves Slim Fit Jasper Series;199000;LORIENT;5.0;0
Jobb Bassein Kemeja Pria Lengan Panjang Slim Fit Putih;659000;Jobb;5.0;0
MANZONE - Kemeja Oxford Lengan Panjang Pria Snap 01 Modern Fit - Navy Warna Navy;299900;Manzone;5.0;0
Light Blue Regular Fit Epaulette Wrinkled Effect Linen Look Shirt TMNSS23GO00061;659000;Trendyol;5.0;0
MEN'S WHITE SHORT SLEEVE SHIRT;399900;VALINO;0.0;0
AMK Kemeja Pria Lengan Panjang SHS Henri Ls Burgundy;469000;AMK;4.7;0
Dillion Ls;699000;Hush Puppies;5.0;1
AMK Kemeja Pria Lengan Panjang SHS ANDREW l/S Grey;449000;AMK;5.0;0
BLUE FLANNEL SHORT SLEEVE REGULAR SHIRT;459900;Kent & Crew;5.0;0
AMK Kemeja Batik Pria Lengan Panjang SHB Aru L/S Grey;449000;AMK;5.0;0
Giordano Men's Linen Short Sleeve Shirt 0104621540;699000;Giordano;4.0;1
Platini Kemeja Motif Pria Lengan Pendek 71010;399000;Platini;5.0;0
Platini Kemeja Pria Polos Lengan Panjang Polinosic Royal Blue 66102;499000;Platini;4.9;0
Kemeja Pria Regular Gillmour;479900;Bombboogie;5.0;0
MOC Kemeja Lengan Panjang Pria RAZBORN - Black Ukuran S;299900;MOC;4.8;0
MOC - Kemeja Motif Pria Lengan Panjang Grego - White;279900;MOC;4.5;0
Kemeja Reguler E041P01;515000;REMIX JEANS;5.0;0
MEN'S BASIC BLUE LONG-SLEEVED SHIRT;349900;VALINO;0.0;0
Jf Yeah;599000;Hush Puppies;4.7;0
AMK Kemeja Pria Lengan Panjang SHS Henri Ls Dark Green;469000;AMK;5.0;0
Pooh;699000;Hush Puppies;4.8;1
MANZONE - Kemeja Oxford Lengan Pendek Pria Raka 4 Slim Fit - Brown;199900;Manzone;5.0;0
Hem Batik Seiya Lengan Pendek Black;479900;Rianty Batik;0.0;0
Hem Batik Pria Lengan Pendek Chistino Black White Katun Premium;479900;Rianty Batik;5.0;0
Cotton Well Ben Short Sleeve Oxford Shirt Mineral Blue  | Kemeja Pria Lengan Pendek Basic Polos Biru Muda;279000;Cotton Well;4.9;0
Platini Baju Kemeja Pria Lengan Panjang Polos Polinosic Biru 66124;499000;Platini;4.9;0
Boxy Fit Summer Shirt;879000;Trendyol;0.0;0
POLICE Kemeja Polos Basic Cotton Soft Grey Regular Fit Pria;399000;Police Denim;4.8;0
LGS - Kemeja Casual Pria - Lengan Panjang - Motif Polos - Putih - CSH.283.S901.147.C-L/S;432900;LGS;4.7;0
Jayko;599000;Hush Puppies;4.9;1
Platini Kemeja Motif Pria Lengan Pendek Putih 132158;479000;Platini;4.9;0
POLICE Kemeja Polos Oxford Slub Navy Regular Fit Pria;399000;Police Denim;4.9;1
Cotton Well Badr Stand Collar Shirt Black | Kemeja Koko Lengan Panjang Hitam;299000;Cotton Well;4.8;0
Long Sleeve Oxford Shirt;429900;WOOD;5.0;1
Platini Kemeja Pria Polos Lengan Pendek Katun Oxford Abu 1069;299000;Platini;4.9;0
Pluto;599000;Hush Puppies;5.0;1
[NEW] Osella Solid Shanghai Collared Long Sleeve Shirt 2037520 | Kemeja Lengan Panjang Pria;499900;Osella;4.3;0
AMK Kemeja Pria Lengan Panjang SHS Yonas Ls Olive;569000;AMK;5.0;0
Platini Kemeja Motif Salur Pria Lengan Pendek Katun Biru 73341.02;519000;Platini;4.8;1
Kemeja Regular Pria Daffle;499900;Bombboogie;5.0;0
Kemeja Regular Pria Zippy;439900;Bombboogie;0.0;0
Long Sleeve Melange Checks Shirt;429900;WOOD;5.0;0
Platini Kemeja Pria Motif Lengan Pendek Biru 132040;479000;Platini;4.9;0
Platini Baju Kemeja Pria Lengan Panjang Polos Polinosic Hitam 66100;499000;Platini;4.9;0
AMK Kemeja Pria Lengan Pendek SHP Bern S/S Black;449000;AMK;4.0;0
MOC Kemeja Lengan Pendek Pria Briscoe - Navy;279900;MOC;4.8;0
Ryusei Kemeja Kerah Koko Lengan Pendek Kenshiro White;379000;Ryusei;0.0;0
Brown Oversized Fit Embroidered Brode Summer Embroidered Shirt TMNSS25GO00049;909000;Trendyol;0.0;0
AMK Kemeja Batik Pria Lengan Panjang SHB Javas L/S Black;469000;AMK;4.9;0
Manzone Kemeja Lengan Panjang Pria ROCK - BLACK Warna BLACK;359900;Manzone;0.0;0
MAROON RED REGULAR FIT SHORT SLEEVE SHIRT FOR MEN;399900;VALINO;0.0;0
Kemeja Batik Pria Premium Slimfit Elegant Modern Lengan Panjang Gandarum;273000;ABIROY;5.0;0
AMK Kemeja Pria Lengan Pendek SHP Eloah S/S Tosca;449000;AMK;4.8;0
Podium;599000;Hush Puppies;5.0;0
Kemeja Lengan Pendek Navy Motif Abstrak 16884;389000;Andre Michel;5.0;0
MEN'S GREEN PLAID LONG SLEEVE SHIRT;649900;Arnold Palmer;4.7;1
AMK Kemeja Pria Lengan Pendek SHG TATSUKI S/S Drak Grey;449000;AMK;5.0;0
Gloaming Kemeja Flanel Veterano Unisex Panjang Fiorella;320000;Gloaming;4.8;0
Manaf Shirts;469900;X-EIGHT;4.8;0
Worn Cortans Kemeja Pendek Army;290000;Gloaming;4.8;0
Climb Up - Slim Fit Shirt;598000;Chimpanzees;4.9;0
Cotton Well Marc Long Sleeve Oxford Shirt Mineral Blue | Kemeja Pria Lengan Panjang Basic Polos Biru Muda;299000;Cotton Well;4.8;0
Caspian Vertical Stripe Pattern Shirt;599000;Obermain;5.0;0
Kemeja Polos Slimfit Formal;369000;Cardinal;4.8;0
POLICE Kemeja Polos Basic Cotton Soft Regular Fit Lengan Pendek Pria;399000;Police Denim;4.8;0
MEN'S CREAM LONG SLEEVE SHIRT;499900;Kent & Crew;5.0;0
Pl Mando Sss;699000;Hush Puppies;5.0;0
Platini Kemeja Polos Lengan Panjang Navy Katun 66173;499000;Platini;4.8;0
Kemeja Pria Regular Hersey 2.0;469900;Bombboogie;0.0;0
Cotton Well Flannel Shirt Phoenix | Kemeja Pria Flanel Lengan Panjang Kotak Black;379000;Cotton Well;5.0;0
POLICE Kemeja Polos Cotton Kantong Dua Regular Fit Pria;399000;Police Denim;5.0;0
CCSL Kemeja Cotton;439000;Cardinal;4.5;0
Regular Fit Long Sleeve Denim Shirt;429900;WOOD;4.0;0
Platini Kemeja Batik Pria Lengan Panjang Biru 460488;519000;Platini;4.6;0
Regular Fit Short Sleeve Twill Shirt;399900;WOOD;5.0;1
Ganendra Shirts;449900;X-EIGHT;4.7;0
REGULAR SHORT SLEEVE VENTED SHIRT RED;459900;Kent & Crew;4.0;0
Classic Long Sleeve Shirt;779000;KOTON;0.0;0
Stone Plus Size Regular Fit Casual Button-down Collar Shirt TMNSS23GO00094;659000;Trendyol;0.0;0
Rompas Shirts;469900;X-EIGHT;5.0;0
Linen Blend Slim Fit Shirt - Black LS;499000;VENGOZ;4.7;1
AMK Kemeja Polos Pria Lengan Panjang SHS Tyler Ls Navy Blue;469000;AMK;0.0;0
LARUSSO Big Size Kemeja Poplin Softwash Liquid Touch Relax Fit Shirt Lengan Pendek - Jet Black;319900;Larusso;0.0;0
Houseofcuff Kemeja Lengan Panjang Pria Formal Slim Fit Putih;250000;House of Cuff;4.4;0
AMK Kemeja Batik Pria Lengan Pendek SHB Arthur S/S White;449000;AMK;5.0;0
Short Sleeve Textured Shirt;329900;Executive;5.0;1
Kemeja tangan panjang Collarless koko cotton oxcon black;225000;Oxcon;4.8;0
Jobb Geremy Kemeja Pria Lengan Pendek Regular Fit Hitam 3;599000;Jobb;5.0;0
[NEW] OSELLA LINEN LOOK SLUB LONG SLEEVE SHANGHAI COLLAR SHIRT 2037521336 | Kemeja Raya Lengan Panjang Pria;499900;Osella;4.5;0
Flamboyan Hejo Kemeja Batik Pria Premium Slimfit Modern Lengan Panjang;650000;Batik Mayung;4.8;0
Geometric Pattern Short Sleeve Shirt;899000;KOTON;0.0;0
Kemeja Lengan Panjang Pria Reguler Fit Full Furing Rianty Raven Black Katun Satin;929900;Rianty Batik;5.0;0
Gloaming Flanel Veterano Panjang Ashviro Pria ;320000;Gloaming;5.0;0
Cf Kemeja Formal;209000;Cardinal;4.8;0
AMK Kemeja Pria Lengan Pendek SHG TATSUKI S/S Navy Blue;449000;AMK;5.0;0
BLACK SHORT-SLEEVED SHIRT FOR MEN;399900;VALINO;0.0;0
Gloaming Kemeja Flanel Veterano Unisex Panjang Elviro;320000;Gloaming;5.0;0
Kemeja Batik ARKANZA Motif Dewanagari Lengan Panjang Lapis Furing Slimfit Katun Premium;499000;Batik Arkanza;4.3;0
Dot Ink Smart Fit Shirt;569000;Chimpanzees;5.0;0
Kemeja Pria Lengan Panjang Furing Marino Lining Blue;739900;Rianty Batik;5.0;0
Kemeja Pria Regular Draga;379900;Bombboogie;4.3;0
Banu Shirts;479900;X-EIGHT;5.0;0
Black Regular Fit Textured Loose Casual Men's Shirt TMNSS25GO00076;439000;Trendyol;5.0;0
Men's Oxford Shirt With Signature Whale Embroidery;559000;Baleno;4.3;0
Ecru Regular Fit Striped Shirt TMNSS25GO00071;489000;Trendyol;0.0;1
POLICE Kemeja Printing Cotton Soft Abu Regular Fit Pria;399000;Police Denim;4.8;1
Giordano Men's Poplin Shirt 0104500201;699000;Giordano;4.9;1
AMK Kemeja Pria Lengan Pendek SHP Bern S/S Olive;449000;AMK;3.0;0
OXCON Utility Double Pocket Authentic Kemeja Flannel Shirt Monotone Green Army;390000;Oxcon;4.8;0
Cotton Well Elvon Smart Shirt Navy | Kemeja Pria Formal Basic Clean Lengan Panjang Biru Donker Tua;399000;Cotton Well;0.0;0
Widaninggara Item Kemeja Batik Pria Premium Slimfit Modern Lengan Panjang;650000;Batik Mayung;5.0;0
Bready;599000;Hush Puppies;5.0;0
POLICE Kemeja Kotak Yarndyed Regular Fit Pria;399000;Police Denim;0.0;0
Striped Summer Shirt;1019000;Trendyol;5.0;0
Slim Textured Shirt;829000;Trendyol;0.0;0
Bashra Shirts;449900;X-EIGHT;4.8;0
AMK Kemeja Batik Pria Lengan Panjang SHB Banjarejo Ls Olive;469000;AMK;5.0;1
OXCON Extra Comfort Authentic Flannel Shirt White Blue Navy;370000;Oxcon;4.8;0
Santoso Shirts;469900;X-EIGHT;5.0;0
LGS - Max Collection - Kemeja Casual Pria - Slim Fit - Lengan Pendek - JSH.391.S2076F.1032.C;479800;LGS;5.0;0
MAGINOT Kemeja Pria Basic Cuban Collar Rayon Pendek GREY;499000;Maginot;5.0;0
CDL Kemeja Kasual Lengan Pendek;530000;CDL;5.0;0
AMK Kemeja Pria Basic Polos Pendek SHS KOICHI S/S Medium Blue;449000;AMK;5.0;0
POLICE Kemeja Polos Basic Cotton Soft Grey Regular Fit Pria;399000;Police Denim;4.8;1
Regular Fit Short Sleeve Checks Shirt;399900;WOOD;4.0;1
Jobb Steelco Kemeja Pria Lengan Panjang Regular Fit Hitam Colour Black;759000;Jobb;5.0;0
POLICE Kemeja Polos Cotton Logo Plat Besi Lengan Panjang Regular Fit Pria;399000;Police Denim;0.0;0
Short Sleeve Shirt Vintage Print Buttoned Collar Detail Regular Fit;739000;KOTON;0.0;0
AMK Kemeja Batik Pria Lengan Panjang SHB Radho Ls Blue;469000;AMK;5.0;0
AMK Kemeja Polos Oversize Lengan Panjang SHS GIANT L/S Beige;469000;AMK;0.0;0
Platini Kemeja Pria Lengan Pendek Basic Katun Oxford Hijau Botol 63211;479000;Platini;4.8;0
AMK CIPTA BLACK;449000;AMK;5.0;0
Black Regular Fit Oversized Collar 100% Viscose Short Sleeve Summer Dress Plus Size Shirt TMNSS25AX00001;459000;Trendyol;0.0;0
Arion Printing Shirt LS;359000;VENGOZ;4.9;0
Garcia Shirt Camel Brown LS;399000;VENGOZ;4.9;0
MOC Kemeja Batik Lengan Panjang Pria MUCHOZ - Dark Brown;299900;MOC;4.9;0
